employee_id,department,role,hire_date,tenure_months,salary,performance_score,status
E1,Sales,Director,2019-01-01,73,145978,4.2,active
E2,HR,Manager,2019-01-02,73,90755,2.3,active
E3,Finance,Junior,2019-01-02,73,156297,4.4,active
E4,Sales,Senior,2019-01-01,73,132002,1.6,active
E5,Sales,Intern,2019-01-01,73,80417,2.2,active
E6,Operations,Director,2019-01-02,73,96046,4.1,active
E7,Marketing,Director,2019-01-01,73,130973,2.2,left
E8,Engineering,Senior,2019-01-01,73,89282,2.1,active
E9,Marketing,Intern,2019-01-01,73,124148,1.9,left
E10,Operations,Junior,2019-01-01,73,66645,1.9,left
E11,Finance,Junior,2019-01-02,73,145655,3.4,active
E12,Operations,Manager,2019-01-02,73,81220,3.9,left
E13,Finance,Manager,2019-01-02,73,73101,2.4,active
E14,Sales,Director,2019-01-02,73,133246,3.9,active
E15,Operations,Junior,2019-01-01,73,79514,4.9,active
E16,Operations,Intern,2019-01-02,73,146469,2.0,active
E17,Finance,Junior,2019-01-02,73,45361,2.4,active
E18,Finance,Director,2019-01-02,73,142724,2.1,active
E19,HR,Junior,2019-01-01,73,118113,4.3,active
E20,Engineering,Senior,2019-01-01,73,90658,4.4,active
E21,Marketing,Intern,2019-01-01,73,68202,4.0,active
E22,Finance,Junior,2019-01-02,73,155600,1.2,active
E23,HR,Junior,2019-01-01,73,86635,5.0,left
E24,Engineering,Manager,2019-01-01,73,55728,2.6,active
E25,Finance,Director,2019-01-01,73,55227,2.2,left
E26,Finance,Intern,2019-01-01,73,90855,1.5,active
E27,Marketing,Senior,2019-01-01,73,178623,1.6,active
E28,HR,Junior,2019-01-02,73,105776,4.6,left
E29,Finance,Manager,2019-01-01,73,153126,3.2,active
E30,HR,Manager,2019-01-02,73,154520,1.3,active
E31,Sales,Intern,2019-01-01,73,78491,4.7,active
E32,HR,Intern,2019-01-02,73,114547,1.3,active
E33,Finance,Intern,2019-01-02,73,176295,4.2,active
E34,HR,Senior,2019-01-02,73,163399,2.1,left
E35,Marketing,Junior,2019-01-02,73,92447,2.0,active
E36,Sales,Manager,2019-01-01,73,98698,2.8,active
E37,HR,Director,2019-01-02,73,61969,4.8,active
E38,Sales,Junior,2019-01-02,73,49340,3.6,active
E39,Finance,Intern,2019-01-01,73,110357,2.7,active
E40,Sales,Director,2019-01-01,73,89226,1.5,left
E41,Finance,Director,2019-01-02,73,65421,2.3,active
E42,HR,Intern,2019-01-01,73,56290,2.8,active
E43,HR,Director,2019-01-02,73,162023,2.1,left
E44,Engineering,Junior,2019-01-01,73,97894,1.3,active
E45,Engineering,Intern,2019-01-02,73,140387,3.1,left
E46,Finance,Manager,2019-01-02,73,102924,3.9,active
E47,Marketing,Senior,2019-01-02,73,71393,3.4,active
E48,Marketing,Senior,2019-01-02,73,76606,3.1,active
E49,HR,Junior,2019-01-02,73,77845,3.9,active
E50,Engineering,Intern,2019-01-01,73,156253,1.7,active
E51,HR,Senior,2019-01-02,73,53698,1.6,active
E52,Operations,Manager,2019-01-02,73,170089,2.2,active
E53,Engineering,Director,2019-01-02,73,71955,5.0,active
E54,HR,Junior,2019-01-01,73,177631,2.9,active
E55,Operations,Senior,2019-01-02,73,139499,2.2,active
E56,HR,Senior,2019-01-01,73,63085,3.8,active
E57,Operations,Intern,2019-01-02,73,93058,3.4,left
E58,Finance,Junior,2019-01-02,73,174050,4.0,active
E59,Sales,Director,2019-01-01,73,120082,4.9,left
E60,HR,Senior,2019-01-01,73,164802,4.6,active
E61,Finance,Director,2019-01-01,73,169747,1.3,active
E62,Finance,Manager,2019-01-02,73,138562,4.7,active
E63,Marketing,Manager,2019-01-01,73,120486,3.7,left
E64,Operations,Manager,2019-01-01,73,139075,1.9,active
E65,HR,Junior,2019-01-01,73,63994,2.6,active
E66,Operations,Manager,2019-01-02,73,131377,4.1,left
E67,Sales,Manager,2019-01-02,73,113144,1.5,left
E68,Marketing,Intern,2019-01-01,73,70967,1.9,active
E69,Engineering,Intern,2019-01-01,73,137443,2.3,active
E70,Sales,Senior,2019-01-02,73,178120,2.7,active
E71,Sales,Senior,2019-01-02,73,131645,4.6,active
E72,Sales,Junior,2019-01-02,73,96024,1.3,active
E73,Operations,Senior,2019-01-02,73,76377,1.5,active
E74,HR,Junior,2019-01-01,73,87497,3.0,active
E75,Operations,Manager,2019-01-01,73,81619,3.2,active
E76,Engineering,Intern,2019-01-01,73,104414,4.1,active
E77,Finance,Intern,2019-01-01,73,174022,4.9,active
E78,HR,Intern,2019-01-02,73,153783,4.7,active
E79,Marketing,Manager,2019-01-02,73,90503,2.1,active
E80,Sales,Senior,2019-01-02,73,145015,2.0,active
E81,Marketing,Intern,2019-01-02,73,162388,1.8,left
E82,Marketing,Junior,2019-01-02,73,179930,2.7,left
E83,Sales,Intern,2019-01-02,73,83116,2.8,left
E84,Finance,Intern,2019-01-02,73,130575,1.8,left
E85,Marketing,Junior,2019-01-02,73,164899,4.2,active
E86,Marketing,Manager,2019-01-01,73,117777,2.1,active
E87,HR,Junior,2019-01-01,73,110306,4.1,active
E88,Finance,Senior,2019-01-01,73,57700,3.9,active
E89,Operations,Junior,2019-01-02,73,148894,1.8,active
E90,HR,Senior,2019-01-02,73,93223,2.6,active
E91,Marketing,Intern,2019-01-01,73,164795,1.4,active
E92,HR,Senior,2019-01-02,73,140323,3.5,active
E93,Engineering,Intern,2019-01-02,73,108444,3.9,left
E94,HR,Manager,2019-01-02,73,91972,4.0,active
E95,Sales,Director,2019-01-02,73,56818,3.4,active
E96,Sales,Senior,2019-01-01,73,110283,3.6,active
E97,Engineering,Manager,2019-01-02,73,122278,2.7,active
E98,Marketing,Director,2019-01-02,73,59302,2.6,active
E99,Engineering,Senior,2019-01-02,73,170673,1.4,left
E100,Finance,Intern,2019-01-02,73,46053,4.2,active
E101,Sales,Manager,2019-01-02,73,69506,3.2,active
E102,Sales,Senior,2019-01-01,73,131029,2.5,active
E103,Marketing,Manager,2019-01-01,73,42397,3.1,active
E104,Finance,Senior,2019-01-01,73,77800,1.1,active
E105,Operations,Senior,2019-01-02,73,161970,1.9,active
E106,Operations,Intern,2019-01-02,73,175074,4.1,active
E107,HR,Intern,2019-01-01,73,42379,2.4,left
E108,Finance,Manager,2019-01-02,73,75292,4.4,active
E109,Marketing,Senior,2019-01-02,73,80556,2.7,active
E110,Finance,Junior,2019-01-02,73,143762,1.6,left
E111,Marketing,Intern,2019-01-02,73,173553,4.5,active
E112,Marketing,Intern,2019-01-02,73,83571,1.7,active
E113,Operations,Director,2019-01-01,73,138586,3.2,active
E114,Operations,Junior,2019-01-02,73,57437,2.0,active
E115,Operations,Junior,2019-01-02,73,116454,3.3,active
E116,Sales,Senior,2019-01-01,73,42720,4.2,active
E117,Operations,Junior,2019-01-02,73,40919,3.9,active
E118,Finance,Junior,2019-01-01,73,84755,3.1,active
E119,Operations,Manager,2019-01-01,73,178420,4.9,active
E120,Finance,Junior,2019-01-02,73,152335,5.0,active
E121,Finance,Junior,2019-01-01,73,108795,4.6,active
E122,Engineering,Director,2019-01-02,73,91307,4.9,active
E123,Sales,Manager,2019-01-01,73,173792,1.4,left
E124,Marketing,Director,2019-01-01,73,152430,4.2,active
E125,Operations,Senior,2019-01-01,73,90113,3.2,active
E126,Operations,Junior,2019-01-02,73,101057,1.9,active
E127,Operations,Senior,2019-01-02,73,144207,2.2,active
E128,Sales,Director,2019-01-02,73,158886,1.7,active
E129,HR,Director,2019-01-01,73,59856,4.4,active
E130,Marketing,Manager,2019-01-02,73,127253,4.2,active
E131,Finance,Manager,2019-01-01,73,123367,3.1,active
E132,Sales,Intern,2019-01-01,73,52245,3.3,active
E133,Engineering,Senior,2019-01-02,73,45128,4.0,active
E134,Marketing,Intern,2019-01-01,73,171994,1.5,active
E135,Marketing,Junior,2019-01-01,73,140797,1.8,active
E136,Sales,Director,2019-01-02,73,162892,3.7,active
E137,Sales,Intern,2019-01-02,73,52441,4.1,active
E138,HR,Intern,2019-01-02,73,179180,4.2,left
E139,Operations,Senior,2019-01-02,73,127120,2.5,active
E140,Sales,Junior,2019-01-01,73,120175,3.1,active
E141,HR,Intern,2019-01-02,73,70673,5.0,active
E142,Engineering,Junior,2019-01-01,73,76052,2.0,active
E143,Engineering,Director,2019-01-01,73,64196,3.0,active
E144,HR,Intern,2019-01-01,73,132628,4.6,active
E145,Sales,Intern,2019-01-01,73,128096,2.5,active
E146,Finance,Intern,2019-01-02,73,134031,1.9,left
E147,HR,Senior,2019-01-02,73,132463,1.7,active
E148,Sales,Intern,2019-01-02,73,107825,4.6,active
E149,Operations,Junior,2019-01-02,73,52668,4.6,active
E150,Sales,Manager,2019-01-02,73,105353,3.9,active
E151,Marketing,Senior,2019-01-02,73,171615,3.1,active
E152,Sales,Director,2019-01-01,73,63625,3.3,active
E153,Engineering,Manager,2019-01-02,73,100390,2.3,active
E154,Sales,Director,2019-01-02,73,111442,2.5,active
E155,Sales,Senior,2019-01-01,73,122756,3.2,active
E156,Engineering,Director,2019-01-02,73,150203,4.3,left
E157,Operations,Director,2019-01-02,73,179486,4.7,left
E158,HR,Junior,2019-01-02,73,92217,3.2,active
E159,Operations,Intern,2019-01-01,73,136300,3.2,active
E160,Operations,Director,2019-01-01,73,106595,1.3,active
E161,Sales,Intern,2019-01-01,73,78124,3.0,active
E162,HR,Junior,2019-01-01,73,111363,4.5,left
E163,Marketing,Senior,2019-01-02,73,155990,1.3,active
E164,Sales,Junior,2019-01-02,73,121623,4.7,active
E165,Sales,Junior,2019-01-02,73,117352,1.9,active
E166,Finance,Intern,2019-01-02,73,159324,2.7,active
E167,Engineering,Director,2019-01-02,73,44661,4.9,active
E168,Finance,Junior,2019-01-02,73,67091,4.0,active
E169,Operations,Director,2019-01-01,73,166479,1.2,active
E170,Sales,Director,2019-01-01,73,72982,4.1,active
E171,Operations,Junior,2019-01-02,73,132490,1.6,active
E172,Finance,Director,2019-01-02,73,126735,1.9,active
E173,Marketing,Intern,2019-01-02,73,67068,3.8,left
E174,HR,Director,2019-01-01,73,47629,4.0,active
E175,HR,Director,2019-01-02,73,154637,4.1,active
E176,Finance,Director,2019-01-02,73,117316,1.5,active
E177,Sales,Manager,2019-01-01,73,125597,3.0,left
E178,Marketing,Senior,2019-01-02,73,165920,2.8,left
E179,Engineering,Director,2019-01-01,73,60913,5.0,active
E180,Marketing,Intern,2019-01-01,73,103363,4.2,left
E181,Finance,Intern,2019-01-02,73,148578,1.1,left
E182,Engineering,Director,2019-01-02,73,169147,2.1,left
E183,Operations,Junior,2019-01-01,73,40766,2.1,left
E184,HR,Junior,2019-01-02,73,131987,4.5,left
E185,Marketing,Director,2019-01-01,73,142245,1.1,active
E186,Finance,Senior,2019-01-01,73,118902,3.4,left
E187,Marketing,Manager,2019-01-01,73,62097,1.2,active
E188,HR,Director,2019-01-02,73,104797,2.3,active
E189,HR,Senior,2019-01-02,73,92571,4.1,active
E190,Operations,Intern,2019-01-02,73,120883,3.3,active
E191,Sales,Manager,2019-01-02,73,152058,2.9,active
E192,Operations,Junior,2019-01-01,73,109180,3.0,active
E193,Engineering,Senior,2019-01-01,73,138554,3.1,active
E194,Sales,Senior,2019-01-01,73,40232,3.1,left
E195,Finance,Manager,2019-01-02,73,77277,4.9,active
E196,Marketing,Junior,2019-01-01,73,177971,1.7,active
E197,HR,Junior,2019-01-02,73,140474,1.6,active
E198,Operations,Senior,2019-01-01,73,128913,1.6,active
E199,Engineering,Intern,2019-01-02,73,108724,3.5,active
E200,HR,Manager,2019-01-01,73,158957,3.0,active
E201,Sales,Senior,2019-01-02,73,151257,1.8,left
E202,Sales,Intern,2019-01-02,73,138397,2.3,active
E203,HR,Junior,2019-01-02,73,78853,4.3,active
E204,Finance,Intern,2019-01-02,73,61658,2.0,active
E205,HR,Senior,2019-01-01,73,61644,3.4,active
E206,Finance,Director,2019-01-01,73,69433,4.4,active
E207,Engineering,Director,2019-01-02,73,73367,2.5,left
E208,HR,Junior,2019-01-01,73,76705,4.6,active
E209,HR,Manager,2019-01-02,73,112846,1.9,active
E210,Sales,Manager,2019-01-02,73,58102,2.3,active
E211,Operations,Senior,2019-01-02,73,102934,4.9,active
E212,Finance,Director,2019-01-01,73,41604,1.3,active
E213,Engineering,Manager,2019-01-01,73,40884,4.4,active
E214,Sales,Intern,2019-01-01,73,135876,1.3,left
E215,Marketing,Junior,2019-01-01,73,139118,1.2,active
E216,HR,Junior,2019-01-01,73,65088,1.3,active
E217,Engineering,Manager,2019-01-01,73,178598,4.9,active
E218,Marketing,Senior,2019-01-01,73,74636,3.2,left
E219,Operations,Junior,2019-01-01,73,53650,1.4,active
E220,Engineering,Senior,2019-01-01,73,107143,3.7,active
E221,Sales,Director,2019-01-02,73,143861,4.3,left
E222,HR,Intern,2019-01-01,73,178953,2.8,active
E223,HR,Senior,2019-01-01,73,129325,3.3,active
E224,Sales,Junior,2019-01-01,73,93925,2.8,active
E225,Marketing,Director,2019-01-02,73,154657,3.0,active
E226,Marketing,Junior,2019-01-02,73,89100,1.7,active
E227,Engineering,Senior,2019-01-01,73,65878,4.1,left
E228,Finance,Senior,2019-01-01,73,133244,2.0,active
E229,Engineering,Manager,2019-01-02,73,106775,4.8,active
E230,Sales,Junior,2019-01-01,73,82844,2.3,active
E231,Finance,Manager,2019-01-01,73,177186,3.7,active
E232,Marketing,Intern,2019-01-02,73,125545,4.3,active
E233,Finance,Manager,2019-01-02,73,108779,2.2,active
E234,Sales,Intern,2019-01-02,73,122854,3.3,left
E235,Marketing,Manager,2019-01-02,73,50518,4.3,active
E236,Finance,Intern,2019-01-01,73,124654,2.2,active
E237,Operations,Senior,2019-01-02,73,119030,1.8,active
E238,HR,Intern,2019-01-01,73,117271,4.6,left
E239,Engineering,Junior,2019-01-02,73,138208,1.7,active
E240,Marketing,Junior,2019-01-02,73,174734,3.0,active
E241,Marketing,Director,2019-01-01,73,110029,4.7,active
E242,Sales,Manager,2019-01-01,73,57766,3.7,active
E243,Engineering,Manager,2019-01-01,73,161153,4.5,active
E244,Sales,Director,2019-01-01,73,143416,1.9,active
E245,Engineering,Director,2019-01-01,73,154427,3.4,active
E246,HR,Junior,2019-01-02,73,164174,4.6,active
E247,Operations,Manager,2019-01-02,73,169777,3.6,active
E248,HR,Junior,2019-01-02,73,77268,4.4,active
E249,Finance,Senior,2019-01-02,73,103205,3.7,active
E250,HR,Senior,2019-01-01,73,154406,2.2,active
E251,HR,Director,2019-01-02,73,124410,4.2,active
E252,Sales,Intern,2019-01-01,73,157522,1.8,active
E253,Marketing,Director,2019-01-02,73,79240,4.8,active
E254,Engineering,Director,2019-01-02,73,110011,1.0,active
E255,Finance,Director,2019-01-01,73,123469,1.2,active
E256,Sales,Manager,2019-01-01,73,122991,2.9,active
E257,HR,Manager,2019-01-02,73,158930,3.8,active
E258,Finance,Manager,2019-01-01,73,156836,3.2,active
E259,Sales,Senior,2019-01-02,73,79362,1.2,active
E260,Engineering,Senior,2019-01-02,73,133945,4.4,active
E261,Finance,Manager,2019-01-01,73,139397,4.2,active
E262,Finance,Junior,2019-01-02,73,67212,1.7,left
E263,Finance,Junior,2019-01-01,73,85139,2.5,active
E264,Engineering,Intern,2019-01-02,73,70755,4.2,active
E265,Operations,Junior,2019-01-02,73,161056,3.8,active
E266,Finance,Director,2019-01-01,73,95059,3.8,active
E267,HR,Senior,2019-01-02,73,170765,3.4,active
E268,Finance,Intern,2019-01-02,73,68456,4.1,left
E269,HR,Director,2019-01-02,73,116735,2.1,left
E270,Finance,Intern,2019-01-01,73,156121,3.0,left
E271,Sales,Senior,2019-01-02,73,178123,1.2,active
E272,HR,Director,2019-01-01,73,88386,2.3,active
E273,Finance,Manager,2019-01-02,73,46643,1.8,left
E274,Marketing,Junior,2019-01-02,73,88897,4.8,active
E275,Marketing,Manager,2019-01-02,73,125977,1.4,active
E276,Operations,Senior,2019-01-02,73,167294,4.2,left
E277,Engineering,Director,2019-01-01,73,154025,2.0,active
E278,HR,Intern,2019-01-02,73,100453,2.5,active
E279,Sales,Senior,2019-01-02,73,179800,3.7,active
E280,Marketing,Junior,2019-01-01,73,43075,2.0,active
E281,Operations,Senior,2019-01-02,73,61989,3.4,active
E282,Sales,Director,2019-01-01,73,40069,1.9,active
E283,Sales,Junior,2019-01-02,73,87865,2.3,active
E284,Finance,Senior,2019-01-02,73,148168,2.7,active
E285,Engineering,Junior,2019-01-01,73,116543,4.0,active
E286,Sales,Director,2019-01-01,73,132275,1.3,active
E287,Engineering,Junior,2019-01-02,73,167057,3.3,active
E288,Operations,Director,2019-01-01,73,89097,4.0,active
E289,Sales,Manager,2019-01-01,73,107184,3.6,left
E290,Engineering,Manager,2019-01-01,73,126341,2.8,active
E291,Sales,Director,2019-01-01,73,164572,1.6,active
E292,Finance,Intern,2019-01-02,73,166604,2.4,active
E293,HR,Intern,2019-01-01,73,111883,1.6,left
E294,Engineering,Senior,2019-01-01,73,178986,1.3,left
E295,Operations,Director,2019-01-02,73,124380,2.7,active
E296,Operations,Senior,2019-01-02,73,128866,1.5,active
E297,Engineering,Senior,2019-01-01,73,50007,2.1,left
E298,Marketing,Director,2019-01-01,73,114799,3.4,active
E299,Finance,Manager,2019-01-01,73,145423,4.7,active
E300,HR,Manager,2019-01-01,73,160150,1.1,active
E301,Marketing,Junior,2019-01-01,73,81528,3.7,active
E302,Operations,Manager,2019-01-01,73,149603,3.0,active
E303,Finance,Director,2019-01-02,73,172769,4.5,active
E304,Marketing,Intern,2019-01-02,73,113958,2.2,active
E305,Sales,Intern,2019-01-02,73,135603,2.7,active
E306,Finance,Senior,2019-01-02,73,81801,1.4,active
E307,Operations,Junior,2019-01-01,73,128268,3.1,active
E308,HR,Director,2019-01-02,73,139426,4.6,left
E309,HR,Intern,2019-01-01,73,157804,3.8,active
E310,Operations,Manager,2019-01-01,73,112443,4.0,active
E311,Engineering,Senior,2019-01-02,73,52948,3.8,active
E312,Finance,Director,2019-01-01,73,85971,3.1,active
E313,Marketing,Senior,2019-01-01,73,175835,4.4,active
E314,Marketing,Manager,2019-01-01,73,43001,2.8,active
E315,Marketing,Junior,2019-01-01,73,51477,4.2,active
E316,Engineering,Manager,2019-01-02,73,110112,1.5,active
E317,Sales,Manager,2019-01-02,73,40915,3.5,active
E318,Sales,Senior,2019-01-02,73,88230,2.2,active
E319,Finance,Junior,2019-01-02,73,62922,1.2,active
E320,Sales,Intern,2019-01-02,73,92838,1.0,active
E321,Operations,Intern,2019-01-01,73,105911,1.1,active
E322,Marketing,Manager,2019-01-01,73,109552,1.2,left
E323,Engineering,Senior,2019-01-01,73,79204,2.6,left
E324,Finance,Senior,2019-01-02,73,86362,3.8,active
E325,Marketing,Intern,2019-01-01,73,40691,3.6,left
E326,HR,Junior,2019-01-02,73,101271,1.6,active
E327,Operations,Junior,2019-01-02,73,101486,4.1,left
E328,Sales,Junior,2019-01-01,73,110028,4.7,active
E329,Engineering,Director,2019-01-02,73,123550,2.9,active
E330,Sales,Junior,2019-01-01,73,120791,1.1,active
E331,Sales,Director,2019-01-02,73,91949,1.9,active
E332,Operations,Junior,2019-01-01,73,55501,3.8,active
E333,Sales,Intern,2019-01-01,73,118322,1.4,active
E334,HR,Intern,2019-01-01,73,155540,2.0,active
E335,Finance,Manager,2019-01-01,73,65251,2.4,active
E336,Operations,Senior,2019-01-02,73,151583,1.7,active
E337,HR,Senior,2019-01-02,73,174051,2.0,left
E338,Operations,Senior,2019-01-02,73,82938,4.6,active
E339,Operations,Junior,2019-01-01,73,41177,2.0,left
E340,HR,Intern,2019-01-01,73,53173,1.1,active
E341,Marketing,Manager,2019-01-02,73,123992,4.9,active
E342,Finance,Senior,2019-01-02,73,119323,3.3,active
E343,Operations,Junior,2019-01-02,73,130683,4.4,active
E344,HR,Manager,2019-01-01,73,118177,3.0,active
E345,Sales,Intern,2019-01-01,73,141391,4.1,active
E346,Marketing,Junior,2019-01-01,73,161173,4.1,active
E347,HR,Manager,2019-01-02,73,121318,3.1,active
E348,Finance,Senior,2019-01-01,73,97976,4.9,active
E349,Marketing,Director,2019-01-02,73,118037,1.6,active
E350,HR,Intern,2019-01-01,73,176863,2.9,active
E351,Sales,Junior,2019-01-01,73,48421,3.2,active
E352,HR,Senior,2019-01-02,73,74566,1.9,left
E353,HR,Intern,2019-01-01,73,71790,3.5,active
E354,Operations,Director,2019-01-02,73,104291,1.0,active
E355,Marketing,Junior,2019-01-02,73,94265,2.5,active
E356,Sales,Director,2019-01-02,73,102300,3.4,active
E357,Engineering,Senior,2019-01-01,73,98348,4.6,left
E358,Sales,Director,2019-01-01,73,52960,2.3,left
E359,Engineering,Manager,2019-01-01,73,105658,1.4,active
E360,Sales,Director,2019-01-02,73,92344,3.8,active
E361,HR,Intern,2019-01-02,73,102346,1.5,left
E362,Marketing,Director,2019-01-02,73,73793,1.7,active
E363,Sales,Intern,2019-01-01,73,106525,3.9,active
E364,HR,Intern,2019-01-02,73,136087,1.9,active
E365,Operations,Junior,2019-01-02,73,125821,5.0,active
E366,Operations,Junior,2019-01-02,73,179429,2.0,active
E367,Marketing,Senior,2019-01-02,73,160090,1.4,left
E368,Engineering,Senior,2019-01-01,73,169872,2.9,active
E369,Finance,Senior,2019-01-02,73,126013,1.2,active
E370,Engineering,Senior,2019-01-02,73,50655,2.8,left
E371,Sales,Junior,2019-01-01,73,142852,1.9,left
E372,Finance,Senior,2019-01-01,73,111489,4.5,active
E373,Operations,Director,2019-01-02,73,88249,1.7,active
E374,Marketing,Manager,2019-01-02,73,148137,3.5,active
E375,Marketing,Director,2019-01-01,73,153692,4.3,active
E376,Sales,Senior,2019-01-01,73,73526,1.2,active
E377,HR,Director,2019-01-01,73,154147,3.5,active
E378,HR,Junior,2019-01-01,73,101030,1.5,active
E379,Sales,Manager,2019-01-02,73,166188,2.6,active
E380,Marketing,Manager,2019-01-01,73,94651,1.5,active
E381,Engineering,Senior,2019-01-01,73,99274,2.0,active
E382,Marketing,Director,2019-01-01,73,152199,3.3,active
E383,Sales,Junior,2019-01-01,73,154221,3.2,active
E384,Operations,Junior,2019-01-01,73,48265,1.4,left
E385,Finance,Director,2019-01-02,73,95134,2.8,active
E386,Engineering,Junior,2019-01-02,73,150702,3.2,active
E387,Operations,Senior,2019-01-02,73,99629,5.0,active
E388,Operations,Senior,2019-01-02,73,92654,1.3,active
E389,HR,Intern,2019-01-02,73,157819,3.9,active
E390,Sales,Director,2019-01-02,73,155428,2.2,active
E391,Engineering,Manager,2019-01-02,73,157808,1.4,active
E392,Engineering,Senior,2019-01-01,73,86563,1.8,active
E393,Engineering,Junior,2019-01-01,73,50146,2.1,active
E394,Operations,Intern,2019-01-01,73,133600,4.6,active
E395,Engineering,Intern,2019-01-02,73,84952,3.9,left
E396,Marketing,Intern,2019-01-02,73,53498,3.7,active
E397,Engineering,Senior,2019-01-01,73,106931,1.8,active
E398,Finance,Intern,2019-01-01,73,67997,4.5,active
E399,Marketing,Director,2019-01-01,73,106204,1.2,active
E400,HR,Director,2019-01-01,73,76908,2.2,active
E401,Marketing,Manager,2019-01-01,73,175704,3.8,active
E402,Finance,Intern,2019-01-02,73,158225,2.9,active
E403,Engineering,Senior,2019-01-01,73,160162,1.6,active
E404,Engineering,Junior,2019-01-02,73,102648,3.1,active
E405,Sales,Senior,2019-01-02,73,75701,3.8,active
E406,Marketing,Manager,2019-01-02,73,127796,2.3,active
E407,Finance,Manager,2019-01-01,73,45982,3.4,active
E408,Sales,Director,2019-01-02,73,82843,1.4,active
E409,HR,Intern,2019-01-01,73,45664,1.2,active
E410,Operations,Manager,2019-01-01,73,63275,2.8,left
E411,HR,Junior,2019-01-01,73,163493,2.2,active
E412,Finance,Senior,2019-01-01,73,158159,1.8,active
E413,Marketing,Director,2019-01-02,73,131412,2.2,active
E414,Engineering,Manager,2019-01-02,73,115119,3.5,active
E415,Marketing,Director,2019-01-01,73,163818,3.3,active
E416,Operations,Senior,2019-01-01,73,119671,2.5,left
E417,Finance,Senior,2019-01-02,73,83274,3.0,active
E418,Finance,Senior,2019-01-02,73,167013,4.7,left
E419,Sales,Senior,2019-01-02,73,122585,3.2,active
E420,Finance,Manager,2019-01-02,73,99700,3.7,left
E421,Finance,Junior,2019-01-01,73,151873,2.6,active
E422,Engineering,Junior,2019-01-01,73,144943,3.4,left
E423,Sales,Intern,2019-01-01,73,122203,3.4,active
E424,Sales,Director,2019-01-01,73,167295,2.3,active
E425,HR,Intern,2019-01-01,73,47556,4.1,active
E426,Marketing,Junior,2019-01-01,73,174464,2.2,active
E427,HR,Junior,2019-01-01,73,102179,1.5,active
E428,Sales,Director,2019-01-01,73,144564,4.9,left
E429,Operations,Senior,2019-01-01,73,50031,4.6,active
E430,Finance,Director,2019-01-02,73,50162,3.6,left
E431,Engineering,Intern,2019-01-01,73,132736,1.6,active
E432,Engineering,Manager,2019-01-02,73,48201,3.8,active
E433,Operations,Junior,2019-01-01,73,161845,3.1,active
E434,Operations,Junior,2019-01-02,73,176483,3.8,active
E435,Marketing,Junior,2019-01-01,73,62739,4.6,active
E436,Sales,Junior,2019-01-02,73,153194,2.6,active
E437,Engineering,Junior,2019-01-02,73,158898,4.2,active
E438,Operations,Senior,2019-01-01,73,53678,3.1,left
E439,HR,Director,2019-01-01,73,66966,3.4,active
E440,Sales,Manager,2019-01-01,73,174290,4.2,active
E441,Finance,Director,2019-01-01,73,134496,2.2,active
E442,Engineering,Intern,2019-01-01,73,75482,3.7,active
E443,Finance,Senior,2019-01-01,73,57525,4.8,active
E444,Marketing,Manager,2019-01-02,73,132707,1.6,active
E445,Operations,Senior,2019-01-02,73,178563,1.8,active
E446,Engineering,Intern,2019-01-01,73,175795,4.5,left
E447,HR,Manager,2019-01-02,73,108718,3.7,active
E448,Engineering,Director,2019-01-02,73,151478,4.8,active
E449,Sales,Junior,2019-01-02,73,63271,4.9,active
E450,Marketing,Manager,2019-01-01,73,79347,1.1,active
E451,HR,Intern,2019-01-01,73,72012,4.3,active
E452,Marketing,Director,2019-01-01,73,127024,3.8,active
E453,HR,Junior,2019-01-02,73,109500,1.9,active
E454,Sales,Manager,2019-01-01,73,88639,4.5,active
E455,Finance,Senior,2019-01-02,73,54133,1.9,active
E456,Operations,Intern,2019-01-01,73,132159,1.3,left
E457,Sales,Intern,2019-01-02,73,131925,3.5,active
E458,Marketing,Intern,2019-01-01,73,106151,5.0,left
E459,HR,Manager,2019-01-02,73,122878,2.1,active
E460,HR,Director,2019-01-01,73,65014,1.5,active
E461,Marketing,Director,2019-01-01,73,48747,3.5,active
E462,Finance,Manager,2019-01-02,73,155417,4.2,active
E463,Marketing,Senior,2019-01-01,73,48977,4.8,active
E464,Engineering,Junior,2019-01-01,73,129149,3.3,active
E465,Sales,Manager,2019-01-01,73,141886,3.1,left
E466,Engineering,Junior,2019-01-01,73,103767,4.8,active
E467,Marketing,Manager,2019-01-01,73,162779,3.3,active
E468,HR,Senior,2019-01-01,73,109954,4.0,active
E469,Operations,Senior,2019-01-01,73,118138,2.5,left
E470,Operations,Junior,2019-01-02,73,173856,3.4,left
E471,Marketing,Junior,2019-01-01,73,113357,2.4,active
E472,HR,Junior,2019-01-01,73,85647,3.4,active
E473,HR,Intern,2019-01-02,73,112665,4.4,active
E474,Sales,Director,2019-01-01,73,164515,3.6,active
E475,Finance,Intern,2019-01-02,73,161052,3.0,active
E476,Engineering,Manager,2019-01-02,73,165193,1.0,active
E477,Operations,Manager,2019-01-02,73,132674,2.8,left
E478,Sales,Manager,2019-01-01,73,50700,3.2,left
E479,Engineering,Senior,2019-01-01,73,61711,2.3,active
E480,Operations,Director,2019-01-02,73,56061,4.3,active
E481,Engineering,Director,2019-01-02,73,125167,2.2,active
E482,HR,Senior,2019-01-01,73,173404,4.8,active
E483,Marketing,Senior,2019-01-02,73,42728,2.7,active
E484,Engineering,Intern,2019-01-02,73,82927,3.9,active
E485,Operations,Senior,2019-01-02,73,177136,3.1,active
E486,Sales,Director,2019-01-01,73,60253,3.7,active
E487,Engineering,Junior,2019-01-02,73,57270,3.1,active
E488,Engineering,Junior,2019-01-01,73,95233,4.1,left
E489,Operations,Junior,2019-01-01,73,158526,3.8,active
E490,Marketing,Manager,2019-01-01,73,43186,3.1,active
E491,Marketing,Manager,2019-01-02,73,47349,1.6,active
E492,Operations,Intern,2019-01-02,73,40913,4.7,active
E493,Operations,Intern,2019-01-01,73,81082,2.5,left
E494,Sales,Junior,2019-01-02,73,66777,2.8,active
E495,HR,Intern,2019-01-01,73,97312,3.7,left
E496,Sales,Director,2019-01-01,73,143483,4.8,left
E497,Sales,Intern,2019-01-01,73,149627,2.6,active
E498,Marketing,Intern,2019-01-02,73,122270,1.1,active
E499,Engineering,Manager,2019-01-01,73,122368,4.3,left
E500,Marketing,Junior,2019-01-02,73,156873,1.3,active
E501,HR,Intern,2019-01-02,73,104429,2.3,active
E502,Engineering,Junior,2019-01-01,73,117965,3.3,active
E503,Operations,Senior,2019-01-01,73,102212,2.9,active
E504,Engineering,Manager,2019-01-01,73,139774,4.6,active
E505,Sales,Manager,2019-01-02,73,74848,4.9,active
E506,Finance,Junior,2019-01-01,73,83489,3.0,active
E507,Engineering,Director,2019-01-02,73,119598,1.8,active
E508,Engineering,Director,2019-01-02,73,47339,4.2,left
E509,Marketing,Director,2019-01-01,73,115055,2.3,active
E510,Marketing,Manager,2019-01-01,73,168905,2.3,left
E511,Sales,Junior,2019-01-02,73,179472,4.8,active
E512,Operations,Manager,2019-01-01,73,79479,3.1,active
E513,Sales,Director,2019-01-01,73,112401,2.4,active
E514,Marketing,Director,2019-01-02,73,112510,3.9,active
E515,Operations,Senior,2019-01-02,73,144198,1.3,active
E516,HR,Intern,2019-01-01,73,50580,2.2,active
E517,Finance,Senior,2019-01-02,73,54750,5.0,active
E518,Marketing,Junior,2019-01-01,73,107502,4.5,active
E519,Sales,Director,2019-01-01,73,173554,3.3,active
E520,HR,Intern,2019-01-01,73,160372,4.9,left
E521,Finance,Intern,2019-01-02,73,68276,2.8,active
E522,Sales,Director,2019-01-01,73,40904,3.8,active
E523,Finance,Junior,2019-01-01,73,132640,2.9,active
E524,Engineering,Intern,2019-01-02,73,87620,1.3,active
E525,Engineering,Junior,2019-01-01,73,102342,2.1,active
E526,Finance,Junior,2019-01-01,73,98791,4.3,active
E527,Finance,Senior,2019-01-02,73,46837,4.8,active
E528,Engineering,Intern,2019-01-02,73,159409,2.5,active
E529,Operations,Senior,2019-01-02,73,80123,2.8,active
E530,Operations,Director,2019-01-02,73,145205,3.9,active
E531,Marketing,Junior,2019-01-02,73,42415,3.9,active
E532,Marketing,Junior,2019-01-02,73,173322,4.8,left
E533,Engineering,Junior,2019-01-01,73,56051,4.8,left
E534,Marketing,Intern,2019-01-01,73,87769,2.6,active
E535,Finance,Junior,2019-01-01,73,73788,4.0,active
E536,Engineering,Junior,2019-01-01,73,106962,2.4,active
E537,Marketing,Manager,2019-01-02,73,111360,4.0,active
E538,Engineering,Senior,2019-01-01,73,54703,2.8,left
E539,Marketing,Director,2019-01-02,73,105360,2.3,active
E540,Operations,Intern,2019-01-02,73,139531,3.6,active
E541,Sales,Junior,2019-01-02,73,107708,3.2,active
E542,Engineering,Senior,2019-01-01,73,77102,1.6,active
E543,Sales,Junior,2019-01-02,73,82885,3.0,left
E544,Engineering,Senior,2019-01-01,73,176211,4.5,active
E545,Finance,Director,2019-01-02,73,86671,3.1,active
E546,Marketing,Intern,2019-01-02,73,66751,4.3,active
E547,Engineering,Junior,2019-01-01,73,165922,2.9,active
E548,Operations,Director,2019-01-02,73,52047,4.4,active
E549,Operations,Intern,2019-01-01,73,55307,4.9,active
E550,Marketing,Intern,2019-01-02,73,63214,4.3,left
E551,Operations,Junior,2019-01-01,73,150502,4.1,active
E552,Engineering,Intern,2019-01-02,73,67539,3.7,active
E553,Engineering,Intern,2019-01-02,73,125988,1.9,active
E554,Finance,Senior,2019-01-01,73,124230,1.4,left
E555,HR,Senior,2019-01-02,73,68520,4.7,active
E556,Finance,Junior,2019-01-02,73,52535,3.2,active
E557,HR,Director,2019-01-02,73,100356,1.8,left
E558,HR,Junior,2019-01-02,73,98100,3.4,left
E559,Marketing,Junior,2019-01-02,73,74972,2.0,left
E560,Finance,Director,2019-01-02,73,114380,1.1,active
E561,Finance,Intern,2019-01-01,73,162944,3.0,active
E562,Operations,Junior,2019-01-02,73,166257,4.1,left
E563,Operations,Manager,2019-01-01,73,126533,1.5,active
E564,HR,Junior,2019-01-01,73,51358,2.5,left
E565,Marketing,Junior,2019-01-01,73,97680,4.6,left
E566,Finance,Manager,2019-01-01,73,139052,3.5,left
E567,Sales,Senior,2019-01-02,73,175837,1.0,active
E568,Finance,Intern,2019-01-02,73,118499,2.3,active
E569,Sales,Manager,2019-01-02,73,124266,1.8,active
E570,Marketing,Director,2019-01-02,73,120504,2.6,active
E571,Operations,Manager,2019-01-02,73,143672,5.0,left
E572,Operations,Manager,2019-01-01,73,153526,4.5,active
E573,Finance,Junior,2019-01-02,73,165533,4.5,left
E574,Engineering,Director,2019-01-01,73,121981,3.0,left
E575,Operations,Intern,2019-01-02,73,175035,3.6,active
E576,Sales,Intern,2019-01-02,73,137768,4.8,active
E577,Operations,Junior,2019-01-01,73,107514,4.7,active
E578,Marketing,Intern,2019-01-02,73,179124,2.5,active
E579,Marketing,Director,2019-01-01,73,164224,2.8,active
E580,Engineering,Senior,2019-01-02,73,169890,3.5,left
E581,HR,Director,2019-01-01,73,98885,3.0,active
E582,Operations,Senior,2019-01-02,73,70114,3.8,active
E583,Engineering,Senior,2019-01-01,73,99793,3.0,left
E584,Sales,Director,2019-01-01,73,111455,4.3,active
E585,Operations,Junior,2019-01-02,73,49047,2.9,active
E586,Operations,Intern,2019-01-01,73,70390,2.0,active
E587,Operations,Senior,2019-01-02,73,166979,1.1,active
E588,HR,Director,2019-01-01,73,47753,1.2,active
E589,Marketing,Manager,2019-01-02,73,160820,3.1,active
E590,Sales,Intern,2019-01-01,73,172400,5.0,active
E591,Sales,Manager,2019-01-01,73,56300,1.2,active
E592,Engineering,Intern,2019-01-01,73,53490,1.2,left
E593,Engineering,Manager,2019-01-02,73,144517,3.3,active
E594,Sales,Manager,2019-01-02,73,72587,1.3,active
E595,Engineering,Senior,2019-01-01,73,47757,4.9,active
E596,Sales,Intern,2019-01-01,73,66579,3.8,active
E597,Finance,Director,2019-01-01,73,73430,4.5,active
E598,Finance,Manager,2019-01-01,73,90823,3.0,active
E599,HR,Manager,2019-01-01,73,163900,4.0,active
E600,Marketing,Intern,2019-01-02,73,160637,2.7,left
E601,Operations,Manager,2019-01-01,73,103997,4.0,active
E602,Finance,Senior,2019-01-01,73,52527,3.6,active
E603,Finance,Manager,2019-01-01,73,161459,2.1,active
E604,Operations,Intern,2019-01-02,73,65190,2.6,active
E605,HR,Director,2019-01-01,73,144029,1.1,active
E606,Engineering,Manager,2019-01-01,73,103196,4.1,active
E607,HR,Director,2019-01-02,73,43377,1.1,active
E608,Engineering,Director,2019-01-02,73,75503,5.0,left
E609,Engineering,Senior,2019-01-01,73,108006,4.6,active
E610,Operations,Intern,2019-01-01,73,149845,3.9,active
E611,Marketing,Manager,2019-01-02,73,149307,4.2,active
E612,Operations,Senior,2019-01-02,73,119769,4.9,active
E613,Engineering,Manager,2019-01-02,73,96551,4.1,active
E614,Operations,Junior,2019-01-02,73,93061,2.9,active
E615,Operations,Manager,2019-01-01,73,119618,4.3,active
E616,Marketing,Director,2019-01-02,73,61415,4.0,active
E617,Engineering,Senior,2019-01-01,73,62028,3.4,active
E618,Finance,Manager,2019-01-01,73,50785,2.3,active
E619,Engineering,Senior,2019-01-01,73,135203,2.7,active
E620,Finance,Senior,2019-01-02,73,76616,1.1,left
E621,Sales,Junior,2019-01-02,73,55933,1.6,active
E622,HR,Manager,2019-01-01,73,81733,1.3,active
E623,Operations,Intern,2019-01-02,73,56159,4.3,left
E624,Marketing,Senior,2019-01-02,73,54457,4.2,left
E625,HR,Manager,2019-01-01,73,59746,2.9,active
E626,HR,Director,2019-01-01,73,124572,2.4,active
E627,Engineering,Director,2019-01-02,73,74285,1.0,left
E628,HR,Junior,2019-01-02,73,87237,2.6,active
E629,Finance,Senior,2019-01-01,73,159005,3.3,left
E630,Marketing,Intern,2019-01-02,73,98052,2.8,active
E631,Finance,Senior,2019-01-02,73,124322,3.9,active
E632,Operations,Intern,2019-01-01,73,109686,1.2,active
E633,Sales,Director,2019-01-02,73,165988,3.3,active
E634,Marketing,Intern,2019-01-01,73,106870,3.5,left
E635,Sales,Senior,2019-01-02,73,164274,3.2,left
E636,Finance,Senior,2019-01-02,73,129035,1.9,left
E637,Operations,Junior,2019-01-02,73,120649,3.6,left
E638,Marketing,Director,2019-01-01,73,170592,4.9,active
E639,HR,Director,2019-01-01,73,87985,2.8,active
E640,Marketing,Junior,2019-01-02,73,93754,1.8,active
E641,Operations,Senior,2019-01-01,73,129391,1.7,active
E642,Sales,Intern,2019-01-02,73,47594,1.3,active
E643,Marketing,Senior,2019-01-02,73,75580,3.3,active
E644,Engineering,Director,2019-01-01,73,61347,4.4,active
E645,Operations,Director,2019-01-02,73,137443,1.5,active
E646,Marketing,Senior,2019-01-01,73,116569,4.5,active
E647,Operations,Junior,2019-01-01,73,93525,2.1,active
E648,Sales,Senior,2019-01-02,73,107786,3.7,active
E649,Engineering,Intern,2019-01-02,73,69082,1.1,active
E650,HR,Director,2019-01-02,73,121997,1.2,left
E651,HR,Manager,2019-01-01,73,46640,2.4,active
E652,Finance,Director,2019-01-01,73,155443,1.9,active
E653,Marketing,Intern,2019-01-01,73,60563,2.6,active
E654,HR,Intern,2019-01-02,73,50375,2.9,active
E655,Operations,Senior,2019-01-02,73,51363,2.5,active
E656,Operations,Intern,2019-01-01,73,139069,3.8,left
E657,Engineering,Junior,2019-01-01,73,93559,3.3,left
E658,Engineering,Senior,2019-01-02,73,106622,3.2,active
E659,Engineering,Junior,2019-01-02,73,168903,3.1,left
E660,Finance,Senior,2019-01-02,73,57951,3.4,active
E661,Finance,Intern,2019-01-02,73,108549,2.0,active
E662,Operations,Manager,2019-01-01,73,116196,3.2,active
E663,HR,Junior,2019-01-02,73,115831,3.4,active
E664,HR,Senior,2019-01-02,73,101466,2.6,active
E665,Operations,Junior,2019-01-01,73,62218,2.7,active
E666,Marketing,Manager,2019-01-02,73,154178,2.9,active
E667,Sales,Junior,2019-01-02,73,150872,1.7,active
E668,HR,Junior,2019-01-02,73,92811,1.9,left
E669,Finance,Director,2019-01-02,73,136707,2.6,active
E670,HR,Intern,2019-01-01,73,121232,3.9,active
E671,HR,Junior,2019-01-02,73,91811,2.5,active
E672,HR,Intern,2019-01-02,73,97000,4.1,left
E673,Finance,Junior,2019-01-02,73,113107,4.9,active
E674,Engineering,Intern,2019-01-02,73,85409,2.1,active
E675,Engineering,Manager,2019-01-01,73,102218,1.3,active
E676,Sales,Director,2019-01-02,73,132563,2.1,active
E677,Finance,Senior,2019-01-02,73,142348,4.6,active
E678,Marketing,Intern,2019-01-01,73,100716,3.1,active
E679,Marketing,Intern,2019-01-02,73,44981,4.9,active
E680,Operations,Senior,2019-01-01,73,46466,1.4,active
E681,Finance,Director,2019-01-02,73,66421,4.0,active
E682,HR,Junior,2019-01-01,73,128060,4.6,active
E683,Marketing,Intern,2019-01-01,73,90381,1.3,active
E684,Engineering,Director,2019-01-02,73,66450,2.6,active
E685,HR,Director,2019-01-02,73,119975,3.5,active
E686,Sales,Junior,2019-01-01,73,134553,4.7,active
E687,Sales,Junior,2019-01-02,73,109413,3.7,left
E688,Finance,Manager,2019-01-01,73,175789,4.3,left
E689,Marketing,Manager,2019-01-01,73,57129,4.7,active
E690,Finance,Director,2019-01-01,73,170810,2.6,active
E691,Operations,Senior,2019-01-01,73,93255,1.9,active
E692,Finance,Junior,2019-01-01,73,170725,3.8,left
E693,Operations,Senior,2019-01-02,73,89003,1.6,left
E694,HR,Manager,2019-01-01,73,103698,4.1,active
E695,Finance,Senior,2019-01-01,73,101796,3.8,left
E696,Engineering,Intern,2019-01-01,73,96654,3.9,active
E697,Operations,Intern,2019-01-01,73,58783,1.2,left
E698,Sales,Senior,2019-01-01,73,98424,4.1,active
E699,Sales,Senior,2019-01-02,73,57206,2.6,active
E700,HR,Manager,2019-01-01,73,166594,2.8,active
E701,Marketing,Intern,2019-01-01,73,80210,2.1,active
E702,HR,Senior,2019-01-01,73,124997,4.7,active
E703,Finance,Intern,2019-01-01,73,40919,2.1,left
E704,Sales,Senior,2019-01-02,73,115970,3.6,active
E705,HR,Senior,2019-01-02,73,58391,4.8,active
E706,Operations,Director,2019-01-01,73,174008,4.7,left
E707,Marketing,Intern,2019-01-01,73,104710,4.8,active
E708,Marketing,Junior,2019-01-02,73,153833,2.0,active
E709,HR,Senior,2019-01-01,73,102650,4.2,active
E710,Operations,Manager,2019-01-02,73,66607,1.3,active
E711,HR,Director,2019-01-02,73,109701,4.8,left
E712,Finance,Director,2019-01-01,73,64210,3.2,active
E713,Sales,Director,2019-01-01,73,127292,2.7,left
E714,Engineering,Manager,2019-01-02,73,119198,1.1,active
E715,Sales,Intern,2019-01-02,73,139033,4.9,active
E716,Engineering,Manager,2019-01-02,73,113670,1.7,left
E717,Sales,Manager,2019-01-02,73,172274,3.4,active
E718,Operations,Junior,2019-01-02,73,173454,4.0,active
E719,Sales,Senior,2019-01-01,73,80995,1.6,active
E720,HR,Director,2019-01-01,73,134108,4.6,active
E721,Operations,Senior,2019-01-01,73,54990,1.1,active
E722,Marketing,Senior,2019-01-02,73,68926,1.9,active
E723,HR,Director,2019-01-01,73,103388,3.1,active
E724,Sales,Intern,2019-01-01,73,79556,1.6,active
E725,HR,Junior,2019-01-01,73,142353,3.7,left
E726,HR,Manager,2019-01-01,73,100104,4.2,active
E727,Operations,Intern,2019-01-02,73,160826,4.9,active
E728,Sales,Director,2019-01-01,73,90476,3.7,active
E729,Finance,Intern,2019-01-02,73,73537,1.4,active
E730,Marketing,Manager,2019-01-02,73,86918,1.9,active
E731,Marketing,Director,2019-01-01,73,103559,3.7,active
E732,Sales,Intern,2019-01-02,73,47534,1.8,active
E733,Marketing,Director,2019-01-02,73,171048,2.5,left
E734,Operations,Junior,2019-01-01,73,124343,4.8,active
E735,Marketing,Junior,2019-01-02,73,96807,2.2,left
E736,Finance,Intern,2019-01-02,73,114498,3.5,active
E737,Finance,Intern,2019-01-01,73,79148,3.4,active
E738,Finance,Junior,2019-01-02,73,68624,2.0,active
E739,Marketing,Director,2019-01-01,73,97470,1.3,active
E740,Marketing,Director,2019-01-02,73,161895,3.1,active
E741,Engineering,Intern,2019-01-01,73,100417,4.7,active
E742,HR,Junior,2019-01-02,73,160903,3.9,active
E743,Operations,Manager,2019-01-02,73,98211,4.7,left
E744,Marketing,Manager,2019-01-02,73,132593,3.9,active
E745,Sales,Junior,2019-01-01,73,43226,4.2,active
E746,Finance,Intern,2019-01-02,73,148810,1.5,left
E747,Finance,Manager,2019-01-02,73,80599,4.2,active
E748,Sales,Senior,2019-01-01,73,144844,3.3,active
E749,Sales,Manager,2019-01-01,73,80362,4.2,left
E750,Finance,Manager,2019-01-02,73,124798,1.0,left
E751,HR,Director,2019-01-01,73,161328,2.0,active
E752,Marketing,Director,2019-01-01,73,159338,2.9,active
E753,Operations,Director,2019-01-01,73,123405,4.8,active
E754,Finance,Senior,2019-01-01,73,104284,4.0,active
E755,Engineering,Intern,2019-01-02,73,68603,2.2,left
E756,Engineering,Junior,2019-01-01,73,41362,3.6,active
E757,Finance,Junior,2019-01-02,73,92087,4.6,active
E758,Finance,Junior,2019-01-01,73,60644,4.3,active
E759,Sales,Junior,2019-01-01,73,145161,2.7,active
E760,Marketing,Junior,2019-01-02,73,136893,4.0,active
E761,Operations,Manager,2019-01-01,73,75547,4.5,active
E762,Sales,Director,2019-01-02,73,176776,4.0,active
E763,Marketing,Intern,2019-01-01,73,93682,3.5,active
E764,Sales,Senior,2019-01-02,73,59743,1.7,active
E765,HR,Senior,2019-01-02,73,153063,2.5,active
E766,Finance,Director,2019-01-01,73,91980,1.3,active
E767,HR,Manager,2019-01-01,73,177142,4.7,active
E768,Finance,Senior,2019-01-01,73,154813,4.1,left
E769,Marketing,Junior,2019-01-01,73,149407,3.1,active
E770,Engineering,Manager,2019-01-02,73,104009,3.5,left
E771,HR,Senior,2019-01-01,73,94551,3.9,active
E772,Operations,Intern,2019-01-02,73,50981,2.5,active
E773,Sales,Senior,2019-01-01,73,127220,5.0,active
E774,Operations,Junior,2019-01-01,73,56435,2.8,left
E775,Operations,Senior,2019-01-01,73,54320,3.5,active
E776,Operations,Director,2019-01-02,73,77188,3.2,active
E777,Finance,Intern,2019-01-01,73,49730,2.1,left
E778,Sales,Intern,2019-01-01,73,75001,4.1,active
E779,Marketing,Senior,2019-01-02,73,111756,3.3,active
E780,Sales,Director,2019-01-01,73,124328,3.2,active
E781,Sales,Director,2019-01-01,73,92208,1.8,active
E782,Operations,Intern,2019-01-01,73,164855,2.4,active
E783,Operations,Intern,2019-01-02,73,115769,1.9,active
E784,Finance,Director,2019-01-01,73,43221,2.6,active
E785,Operations,Intern,2019-01-02,73,157186,3.4,active
E786,Engineering,Senior,2019-01-01,73,108552,2.4,active
E787,Finance,Director,2019-01-01,73,87183,3.0,left
E788,Engineering,Senior,2019-01-02,73,111426,1.1,active
E789,HR,Director,2019-01-01,73,106480,2.8,left
E790,Finance,Director,2019-01-01,73,139994,2.2,active
E791,Sales,Intern,2019-01-01,73,155548,1.3,active
E792,Finance,Manager,2019-01-02,73,97082,1.7,active
E793,Finance,Senior,2019-01-02,73,90792,2.7,left
E794,Sales,Director,2019-01-01,73,97002,3.8,active
E795,Operations,Junior,2019-01-01,73,161951,3.0,active
E796,Sales,Manager,2019-01-01,73,58291,4.2,active
E797,Finance,Director,2019-01-02,73,58830,2.5,active
E798,Marketing,Junior,2019-01-02,73,107350,3.2,active
E799,Finance,Director,2019-01-01,73,153574,4.6,active
E800,HR,Senior,2019-01-02,73,178009,1.7,active
E801,Engineering,Manager,2019-01-02,73,67204,4.4,active
E802,Operations,Manager,2019-01-01,73,168123,1.4,active
E803,Marketing,Junior,2019-01-01,73,73338,4.9,active
E804,Engineering,Junior,2019-01-01,73,177505,4.4,active
E805,HR,Manager,2019-01-02,73,110523,4.8,left
E806,Sales,Junior,2019-01-02,73,149382,3.5,active
E807,Sales,Senior,2019-01-01,73,52901,2.7,active
E808,Operations,Junior,2019-01-02,73,60102,4.3,active
E809,HR,Intern,2019-01-02,73,159567,3.4,active
E810,Marketing,Director,2019-01-02,73,103288,2.7,active
E811,Finance,Director,2019-01-01,73,173336,2.0,active
E812,Finance,Intern,2019-01-02,73,98583,1.5,active
E813,Finance,Manager,2019-01-02,73,53003,4.7,active
E814,Operations,Intern,2019-01-02,73,119296,3.5,active
E815,HR,Senior,2019-01-02,73,165476,4.5,active
E816,Engineering,Senior,2019-01-02,73,170376,1.9,active
E817,Sales,Intern,2019-01-01,73,176622,3.1,left
E818,Sales,Intern,2019-01-02,73,143065,3.0,active
E819,Engineering,Intern,2019-01-01,73,112453,1.5,active
E820,Engineering,Senior,2019-01-01,73,151912,3.3,active
E821,Finance,Director,2019-01-02,73,170949,1.3,active
E822,Finance,Director,2019-01-01,73,144481,4.8,active
E823,Marketing,Manager,2019-01-02,73,93006,4.8,active
E824,Engineering,Senior,2019-01-01,73,81940,3.3,active
E825,Marketing,Director,2019-01-02,73,49922,1.3,active
E826,Operations,Director,2019-01-01,73,148826,4.1,active
E827,Finance,Intern,2019-01-02,73,43810,5.0,active
E828,HR,Manager,2019-01-02,73,69604,2.6,left
E829,Finance,Manager,2019-01-02,73,165855,4.2,active
E830,Sales,Director,2019-01-01,73,66469,1.6,active
E831,Marketing,Intern,2019-01-01,73,47058,3.4,active
E832,HR,Intern,2019-01-01,73,57636,1.6,active
E833,Sales,Senior,2019-01-02,73,146770,4.2,active
E834,Marketing,Director,2019-01-02,73,79024,2.7,active
E835,Engineering,Manager,2019-01-01,73,69293,3.4,active
E836,Marketing,Intern,2019-01-01,73,145697,4.3,left
E837,Engineering,Director,2019-01-01,73,156537,1.7,active
E838,Engineering,Manager,2019-01-02,73,83304,3.3,active
E839,Marketing,Senior,2019-01-02,73,149374,2.8,active
E840,Operations,Director,2019-01-02,73,165452,4.8,active
E841,Marketing,Intern,2019-01-02,73,117737,2.4,active
E842,Finance,Director,2019-01-02,73,152173,4.5,active
E843,Operations,Senior,2019-01-02,73,72900,4.5,active
E844,Marketing,Director,2019-01-01,73,87170,4.0,active
E845,Finance,Director,2019-01-01,73,163494,2.9,left
E846,Engineering,Manager,2019-01-02,73,77532,1.7,active
E847,Finance,Senior,2019-01-01,73,154988,1.7,active
E848,Marketing,Junior,2019-01-01,73,66208,2.9,active
E849,Sales,Senior,2019-01-02,73,51742,1.5,active
E850,Finance,Intern,2019-01-01,73,81128,4.3,active
E851,HR,Senior,2019-01-01,73,44315,1.8,active
E852,Sales,Director,2019-01-01,73,168403,1.9,active
E853,HR,Intern,2019-01-01,73,168773,2.0,active
E854,Engineering,Director,2019-01-02,73,83863,4.3,left
E855,Marketing,Senior,2019-01-02,73,102719,4.3,active
E856,Marketing,Intern,2019-01-02,73,93430,1.6,active
E857,Finance,Junior,2019-01-02,73,83842,2.4,left
E858,Marketing,Intern,2019-01-01,73,135661,2.0,left
E859,Engineering,Director,2019-01-02,73,150968,4.0,active
E860,Engineering,Director,2019-01-02,73,95619,3.7,left
E861,Finance,Manager,2019-01-02,73,104227,3.8,active
E862,Sales,Director,2019-01-02,73,83596,1.7,active
E863,Finance,Intern,2019-01-01,73,174281,4.1,active
E864,Engineering,Junior,2019-01-02,73,128095,4.6,active
E865,Marketing,Junior,2019-01-01,73,124513,1.1,left
E866,Marketing,Junior,2019-01-02,73,166536,3.3,active
E867,Engineering,Intern,2019-01-01,73,162768,1.1,left
E868,Operations,Intern,2019-01-02,73,85841,4.1,left
E869,Marketing,Junior,2019-01-02,73,118868,4.8,active
E870,Engineering,Intern,2019-01-01,73,94516,2.8,active
E871,Engineering,Director,2019-01-01,73,40571,3.4,active
E872,Finance,Director,2019-01-02,73,106993,3.6,active
E873,Operations,Intern,2019-01-02,73,49324,2.5,active
E874,Operations,Junior,2019-01-01,73,155978,2.8,active
E875,Marketing,Director,2019-01-02,73,179735,1.5,active
E876,HR,Intern,2019-01-01,73,90415,4.1,active
E877,Marketing,Senior,2019-01-01,73,42809,1.8,active
E878,Finance,Junior,2019-01-02,73,55682,3.0,left
E879,Engineering,Intern,2019-01-02,73,87698,2.9,active
E880,Finance,Senior,2019-01-02,73,90707,3.5,active
E881,Engineering,Junior,2019-01-02,73,84882,1.3,active
E882,Engineering,Junior,2019-01-01,73,106248,3.5,left
E883,Finance,Director,2019-01-02,73,63116,4.2,active
E884,Marketing,Senior,2019-01-02,73,147879,2.2,active
E885,Finance,Manager,2019-01-01,73,120193,3.4,left
E886,Engineering,Junior,2019-01-02,73,94868,1.3,active
E887,Finance,Senior,2019-01-02,73,134955,3.8,active
E888,Sales,Manager,2019-01-01,73,137077,2.2,active
E889,Finance,Intern,2019-01-01,73,61421,4.8,active
E890,Finance,Manager,2019-01-02,73,133584,2.9,left
E891,Operations,Junior,2019-01-02,73,69411,1.8,active
E892,Finance,Senior,2019-01-01,73,178800,4.0,active
E893,Marketing,Junior,2019-01-02,73,161625,4.8,active
E894,HR,Director,2019-01-02,73,143277,3.0,active
E895,Marketing,Senior,2019-01-02,73,160221,4.2,active
E896,Marketing,Intern,2019-01-01,73,110327,2.6,active
E897,Marketing,Manager,2019-01-01,73,136256,3.9,left
E898,Engineering,Intern,2019-01-02,73,158835,3.3,active
E899,Engineering,Intern,2019-01-01,73,125221,4.7,active
E900,Sales,Director,2019-01-02,73,129154,2.4,active
E901,Sales,Junior,2019-01-02,73,54948,3.6,active
E902,Engineering,Manager,2019-01-01,73,40060,2.1,left
E903,Operations,Director,2019-01-01,73,148656,2.2,active
E904,Marketing,Intern,2019-01-01,73,72477,3.1,active
E905,Operations,Manager,2019-01-01,73,147574,2.6,active
E906,Engineering,Senior,2019-01-01,73,122046,4.4,active
E907,Engineering,Junior,2019-01-02,73,91196,4.2,active
E908,Sales,Senior,2019-01-01,73,50211,1.7,active
E909,Finance,Manager,2019-01-02,73,67430,4.2,left
E910,Operations,Intern,2019-01-01,73,130119,3.4,active
E911,HR,Manager,2019-01-01,73,87116,4.4,active
E912,Marketing,Junior,2019-01-02,73,172497,2.8,active
E913,Marketing,Senior,2019-01-01,73,114596,1.9,left
E914,HR,Manager,2019-01-01,73,78835,4.5,left
E915,Finance,Manager,2019-01-01,73,118448,1.5,active
E916,HR,Intern,2019-01-02,73,126785,2.3,active
E917,Sales,Junior,2019-01-02,73,129743,3.4,active
E918,HR,Director,2019-01-02,73,129072,3.6,left
E919,Sales,Director,2019-01-01,73,61998,2.0,left
E920,Sales,Senior,2019-01-01,73,80221,2.4,left
E921,Engineering,Junior,2019-01-02,73,136193,1.4,left
E922,HR,Director,2019-01-02,73,60753,4.0,left
E923,Sales,Junior,2019-01-01,73,144168,1.9,active
E924,Marketing,Junior,2019-01-01,73,177067,4.2,active
E925,Engineering,Manager,2019-01-01,73,143813,3.0,active
E926,HR,Intern,2019-01-02,73,112325,1.3,active
E927,Operations,Manager,2019-01-01,73,120777,1.3,active
E928,Finance,Intern,2019-01-02,73,61994,4.7,active
E929,Engineering,Manager,2019-01-01,73,166520,2.5,left
E930,Sales,Director,2019-01-02,73,57206,3.5,left
E931,HR,Director,2019-01-02,73,116315,3.2,active
E932,Operations,Director,2019-01-02,73,102483,4.0,left
E933,HR,Intern,2019-01-02,73,99955,4.0,active
E934,Finance,Intern,2019-01-01,73,105626,2.8,left
E935,Finance,Director,2019-01-02,73,63153,2.2,active
E936,HR,Junior,2019-01-02,73,44050,2.0,active
E937,Finance,Senior,2019-01-01,73,150352,4.7,left
E938,Sales,Junior,2019-01-01,73,67950,2.9,active
E939,Sales,Intern,2019-01-02,73,51350,3.3,left
E940,Engineering,Senior,2019-01-01,73,171576,3.4,active
E941,Operations,Director,2019-01-02,73,104614,4.2,active
E942,Engineering,Intern,2019-01-01,73,92190,3.0,active
E943,Finance,Manager,2019-01-01,73,47050,3.6,active
E944,Finance,Manager,2019-01-01,73,163708,1.3,active
E945,Finance,Intern,2019-01-01,73,131241,3.0,active
E946,Finance,Junior,2019-01-02,73,126057,4.9,left
E947,HR,Junior,2019-01-02,73,138193,1.5,left
E948,Sales,Manager,2019-01-02,73,49234,3.9,left
E949,Finance,Manager,2019-01-01,73,84187,1.1,left
E950,Marketing,Intern,2019-01-01,73,149927,3.2,active
E951,Sales,Manager,2019-01-02,73,80580,2.1,active
E952,Engineering,Manager,2019-01-02,73,124897,4.4,active
E953,Operations,Intern,2019-01-02,73,112679,2.2,active
E954,Sales,Intern,2019-01-01,73,97303,2.5,active
E955,Finance,Director,2019-01-01,73,55953,4.0,active
E956,HR,Director,2019-01-02,73,52394,1.6,active
E957,HR,Director,2019-01-02,73,42774,3.7,active
E958,Marketing,Intern,2019-01-01,73,108195,1.5,active
E959,HR,Director,2019-01-01,73,76458,4.1,active
E960,Sales,Director,2019-01-02,73,104812,4.0,left
E961,Engineering,Manager,2019-01-02,73,119271,3.2,active
E962,HR,Manager,2019-01-01,73,166039,2.3,active
E963,Sales,Manager,2019-01-02,73,132853,3.3,left
E964,Operations,Junior,2019-01-01,73,139750,1.8,active
E965,Engineering,Senior,2019-01-01,73,114637,2.4,active
E966,HR,Senior,2019-01-02,73,47501,4.0,left
E967,HR,Director,2019-01-02,73,155084,2.8,active
E968,Engineering,Intern,2019-01-01,73,55225,2.6,active
E969,Finance,Manager,2019-01-02,73,115711,2.1,active
E970,Finance,Junior,2019-01-01,73,140722,2.0,active
E971,Sales,Intern,2019-01-01,73,155322,1.1,active
E972,Operations,Junior,2019-01-02,73,113225,2.5,active
E973,Finance,Manager,2019-01-01,73,43305,4.2,active
E974,Finance,Manager,2019-01-02,73,43909,4.8,left
E975,Marketing,Senior,2019-01-01,73,136545,2.9,left
E976,Marketing,Junior,2019-01-01,73,150160,2.5,active
E977,Engineering,Intern,2019-01-02,73,107519,3.6,active
E978,Marketing,Manager,2019-01-01,73,63548,4.7,active
E979,HR,Junior,2019-01-02,73,169567,2.8,active
E980,HR,Junior,2019-01-02,73,106219,1.6,active
E981,Marketing,Manager,2019-01-01,73,95020,2.9,active
E982,HR,Senior,2019-01-01,73,62754,2.3,active
E983,Marketing,Senior,2019-01-01,73,53791,2.4,active
E984,HR,Director,2019-01-02,73,139548,2.1,active
E985,Finance,Junior,2019-01-02,73,84860,2.1,left
E986,Marketing,Manager,2019-01-02,73,74214,3.8,active
E987,Operations,Senior,2019-01-01,73,160377,1.0,active
E988,Operations,Manager,2019-01-01,73,50565,4.4,left
E989,Engineering,Intern,2019-01-01,73,85945,3.5,active
E990,Operations,Senior,2019-01-02,73,69306,1.8,left
E991,Operations,Manager,2019-01-01,73,112562,2.2,active
E992,Operations,Junior,2019-01-01,73,103027,4.1,active
E993,Finance,Manager,2019-01-02,73,91700,1.3,active
E994,HR,Junior,2019-01-01,73,154995,2.8,left
E995,HR,Junior,2019-01-02,73,93744,3.1,active
E996,HR,Manager,2019-01-02,73,100022,4.3,active
E997,Finance,Director,2019-01-02,73,144190,1.6,active
E998,Engineering,Director,2019-01-01,73,90454,3.0,left
E999,Sales,Junior,2019-01-02,73,178483,2.8,left
E1000,HR,Junior,2019-01-02,73,75290,1.2,active
E1001,Engineering,Senior,2019-01-02,73,70900,2.5,active
E1002,HR,Director,2019-01-01,73,106203,2.7,active
E1003,Sales,Senior,2019-01-02,73,107000,2.8,active
E1004,Operations,Intern,2019-01-02,73,154847,4.1,left
E1005,Engineering,Junior,2019-01-02,73,172362,3.9,active
E1006,Sales,Manager,2019-01-01,73,138318,4.9,active
E1007,Marketing,Intern,2019-01-02,73,141066,1.2,active
E1008,Operations,Director,2019-01-02,73,105096,1.0,active
E1009,Sales,Manager,2019-01-02,73,152298,2.7,left
E1010,HR,Intern,2019-01-02,73,48207,4.2,active
E1011,Finance,Director,2019-01-01,73,111004,1.9,active
E1012,Finance,Junior,2019-01-02,73,128963,2.8,active
E1013,Marketing,Director,2019-01-02,73,173122,1.2,active
E1014,Operations,Manager,2019-01-02,73,107529,4.3,left
E1015,Marketing,Intern,2019-01-01,73,76054,2.9,active
E1016,Operations,Intern,2019-01-02,73,76037,1.2,active
E1017,Sales,Junior,2019-01-01,73,44322,3.1,active
E1018,Sales,Intern,2019-01-01,73,60886,2.1,active
E1019,Sales,Intern,2019-01-01,73,132063,3.1,active
E1020,Engineering,Manager,2019-01-01,73,150408,2.2,left
E1021,Engineering,Senior,2019-01-01,73,164905,4.9,active
E1022,Engineering,Junior,2019-01-02,73,174572,4.3,active
E1023,Finance,Director,2019-01-01,73,71259,2.2,active
E1024,Sales,Intern,2019-01-02,73,167174,4.9,active
E1025,Finance,Director,2019-01-01,73,57034,3.9,active
E1026,Finance,Manager,2019-01-02,73,125668,1.8,active
E1027,Sales,Manager,2019-01-01,73,91741,1.5,active
E1028,Marketing,Junior,2019-01-01,73,172777,4.9,active
E1029,Engineering,Director,2019-01-02,73,65301,2.8,left
E1030,Operations,Manager,2019-01-02,73,68954,1.6,active
E1031,Marketing,Director,2019-01-01,73,56069,1.8,active
E1032,Engineering,Senior,2019-01-02,73,174648,4.0,active
E1033,Marketing,Junior,2019-01-02,73,84614,2.0,left
E1034,Sales,Senior,2019-01-01,73,153422,2.4,active
E1035,Finance,Senior,2019-01-01,73,106764,1.6,active
E1036,Sales,Manager,2019-01-02,73,140625,2.6,active
E1037,Engineering,Manager,2019-01-02,73,85326,5.0,left
E1038,Engineering,Director,2019-01-01,73,100422,4.3,active
E1039,Engineering,Junior,2019-01-02,73,171263,1.9,left
E1040,Engineering,Junior,2019-01-01,73,162318,1.8,active
E1041,Finance,Manager,2019-01-02,73,90875,1.1,active
E1042,Sales,Director,2019-01-01,73,169378,2.4,active
E1043,Marketing,Junior,2019-01-01,73,100485,1.8,left
E1044,Marketing,Senior,2019-01-02,73,78218,1.9,active
E1045,Engineering,Intern,2019-01-02,73,58109,2.7,active
E1046,Marketing,Manager,2019-01-01,73,165903,2.6,left
E1047,Operations,Manager,2019-01-01,73,115893,4.7,active
E1048,Sales,Intern,2019-01-02,73,73502,1.0,active
E1049,Operations,Senior,2019-01-02,73,157838,1.1,active
E1050,Engineering,Junior,2019-01-01,73,113970,4.0,active
E1051,HR,Manager,2019-01-02,73,42551,1.2,left
E1052,Operations,Senior,2019-01-01,73,152157,2.7,left
E1053,Operations,Intern,2019-01-02,73,120126,1.5,active
E1054,Engineering,Junior,2019-01-02,73,52780,3.3,active
E1055,HR,Junior,2019-01-01,73,86701,4.4,active
E1056,Finance,Director,2019-01-02,73,129306,4.7,active
E1057,Finance,Director,2019-01-02,73,126507,1.1,active
E1058,HR,Director,2019-01-01,73,159836,1.7,active
E1059,Marketing,Manager,2019-01-01,73,126675,2.0,left
E1060,Operations,Director,2019-01-02,73,135941,4.9,active
E1061,Marketing,Intern,2019-01-02,73,132764,4.2,active
E1062,Finance,Senior,2019-01-02,73,148443,4.9,active
E1063,Operations,Intern,2019-01-01,73,81773,3.8,left
E1064,Sales,Director,2019-01-01,73,150100,2.8,active
E1065,HR,Senior,2019-01-01,73,82598,4.5,active
E1066,Operations,Intern,2019-01-01,73,128676,2.2,left
E1067,HR,Junior,2019-01-02,73,160501,4.4,left
E1068,Marketing,Director,2019-01-02,73,49769,3.7,active
E1069,HR,Senior,2019-01-02,73,68458,3.5,active
E1070,HR,Senior,2019-01-02,73,147286,2.1,active
E1071,Marketing,Junior,2019-01-01,73,150369,3.0,active
E1072,Finance,Junior,2019-01-02,73,113786,1.0,active
E1073,Engineering,Manager,2019-01-01,73,83431,3.7,active
E1074,HR,Manager,2019-01-01,73,126102,1.9,active
E1075,HR,Senior,2019-01-02,73,66640,1.8,active
E1076,Finance,Manager,2019-01-01,73,150776,3.5,left
E1077,Engineering,Intern,2019-01-02,73,144743,4.2,active
E1078,HR,Intern,2019-01-01,73,146046,2.9,active
E1079,Marketing,Director,2019-01-01,73,177511,3.9,left
E1080,Finance,Intern,2019-01-01,73,55683,3.5,left
E1081,Marketing,Intern,2019-01-01,73,108666,1.5,left
E1082,Sales,Intern,2019-01-01,73,175538,3.8,left
E1083,HR,Senior,2019-01-02,73,42132,2.3,active
E1084,Operations,Junior,2019-01-02,73,104977,1.4,left
E1085,Finance,Senior,2019-01-01,73,178980,2.7,active
E1086,Finance,Director,2019-01-02,73,175124,1.6,active
E1087,Finance,Junior,2019-01-02,73,148094,3.5,active
E1088,Operations,Junior,2019-01-01,73,41352,4.3,active
E1089,HR,Director,2019-01-02,73,80163,3.9,active
E1090,Operations,Manager,2019-01-01,73,118308,2.4,active
E1091,Engineering,Director,2019-01-02,73,113538,1.4,active
E1092,Sales,Manager,2019-01-01,73,163563,4.0,active
E1093,Marketing,Senior,2019-01-02,73,64745,2.2,active
E1094,Finance,Manager,2019-01-01,73,174617,3.9,left
E1095,Finance,Intern,2019-01-01,73,118933,4.5,active
E1096,Marketing,Manager,2019-01-02,73,63348,4.5,active
E1097,Engineering,Intern,2019-01-02,73,40188,2.5,active
E1098,Engineering,Director,2019-01-01,73,171706,1.6,active
E1099,Operations,Senior,2019-01-02,73,77057,1.7,active
E1100,Engineering,Senior,2019-01-02,73,120669,2.6,active
E1101,HR,Junior,2019-01-02,73,122886,1.8,active
E1102,Marketing,Director,2019-01-02,73,73334,4.0,active
E1103,Operations,Senior,2019-01-01,73,125065,3.0,active
E1104,Sales,Junior,2019-01-01,73,135461,3.2,active
E1105,Finance,Director,2019-01-02,73,152907,4.3,active
E1106,Marketing,Senior,2019-01-02,73,156364,2.5,active
E1107,HR,Intern,2019-01-01,73,132926,4.1,left
E1108,Operations,Senior,2019-01-02,73,70171,5.0,active
E1109,HR,Director,2019-01-02,73,137754,3.9,left
E1110,Engineering,Junior,2019-01-01,73,64860,1.8,active
E1111,Operations,Senior,2019-01-02,73,178215,3.1,active
E1112,Operations,Senior,2019-01-01,73,138531,4.1,left
E1113,Marketing,Intern,2019-01-02,73,79212,3.3,active
E1114,HR,Intern,2019-01-01,73,94586,2.1,active
E1115,Marketing,Senior,2019-01-02,73,94035,1.0,active
E1116,HR,Senior,2019-01-02,73,142668,1.1,left
E1117,Sales,Junior,2019-01-01,73,47340,2.9,active
E1118,Marketing,Junior,2019-01-01,73,115887,1.5,left
E1119,Finance,Senior,2019-01-01,73,112539,4.0,active
E1120,Sales,Senior,2019-01-02,73,104861,2.6,active
E1121,Operations,Junior,2019-01-01,73,98256,3.9,active
E1122,Sales,Intern,2019-01-01,73,134176,2.2,active
E1123,HR,Manager,2019-01-02,73,142547,2.7,active
E1124,Marketing,Manager,2019-01-01,73,81932,2.4,active
E1125,Engineering,Manager,2019-01-01,73,163228,4.6,active
E1126,Sales,Manager,2019-01-02,73,115014,4.3,active
E1127,Engineering,Senior,2019-01-02,73,52880,3.1,left
E1128,Finance,Manager,2019-01-01,73,125286,4.0,left
E1129,HR,Senior,2019-01-01,73,159522,2.5,active
E1130,Sales,Manager,2019-01-02,73,104016,3.4,left
E1131,Engineering,Manager,2019-01-02,73,49468,2.5,left
E1132,Marketing,Manager,2019-01-01,73,136703,1.9,active
E1133,Finance,Senior,2019-01-01,73,115945,1.7,active
E1134,Operations,Intern,2019-01-02,73,45965,1.5,active
E1135,Finance,Intern,2019-01-01,73,176132,2.0,active
E1136,Operations,Intern,2019-01-02,73,63510,1.6,active
E1137,Engineering,Director,2019-01-02,73,174403,5.0,active
E1138,Sales,Intern,2019-01-01,73,101605,3.2,active
E1139,HR,Senior,2019-01-02,73,124561,4.5,active
E1140,Marketing,Intern,2019-01-02,73,78501,2.9,active
E1141,HR,Intern,2019-01-02,73,81170,4.7,active
E1142,Sales,Junior,2019-01-02,73,178664,4.5,left
E1143,HR,Senior,2019-01-02,73,57169,1.3,active
E1144,Marketing,Junior,2019-01-01,73,140558,3.7,left
E1145,Marketing,Director,2019-01-01,73,178957,1.5,active
E1146,Operations,Manager,2019-01-01,73,94716,2.5,active
E1147,Sales,Intern,2019-01-01,73,132767,4.7,active
E1148,Sales,Senior,2019-01-01,73,118256,1.1,active
E1149,Marketing,Director,2019-01-02,73,143149,1.5,left
E1150,HR,Senior,2019-01-02,73,79053,2.5,left
E1151,Marketing,Senior,2019-01-01,73,54041,4.1,left
E1152,Operations,Director,2019-01-02,73,169995,3.1,active
E1153,Marketing,Senior,2019-01-02,73,56806,2.4,active
E1154,Engineering,Junior,2019-01-01,73,136182,4.0,active
E1155,Operations,Director,2019-01-01,73,167308,1.2,active
E1156,Marketing,Manager,2019-01-01,73,146525,3.5,active
E1157,Operations,Intern,2019-01-01,73,128040,3.9,active
E1158,Sales,Intern,2019-01-02,73,114903,3.5,left
E1159,Finance,Intern,2019-01-01,73,79845,1.7,active
E1160,Marketing,Senior,2019-01-01,73,52829,3.5,active
E1161,Marketing,Senior,2019-01-01,73,128895,1.2,active
E1162,Finance,Senior,2019-01-01,73,157495,3.5,active
E1163,Operations,Director,2019-01-01,73,93925,3.7,left
E1164,HR,Junior,2019-01-02,73,86890,3.5,active
E1165,Engineering,Intern,2019-01-02,73,50688,2.2,active
E1166,Engineering,Intern,2019-01-01,73,126951,3.7,active
E1167,Sales,Intern,2019-01-02,73,57750,3.6,active
E1168,Engineering,Junior,2019-01-02,73,117971,4.3,active
E1169,Sales,Junior,2019-01-01,73,71880,2.2,active
E1170,HR,Senior,2019-01-01,73,145607,3.4,active
E1171,Finance,Director,2019-01-01,73,93043,1.1,left
E1172,Finance,Senior,2019-01-01,73,83282,2.4,left
E1173,Finance,Junior,2019-01-01,73,53825,1.5,active
E1174,Operations,Intern,2019-01-01,73,42670,4.5,active
E1175,Marketing,Intern,2019-01-02,73,86046,3.1,active
E1176,Sales,Manager,2019-01-02,73,95634,2.5,active
E1177,Engineering,Junior,2019-01-02,73,54784,4.4,left
E1178,Engineering,Director,2019-01-01,73,88194,4.2,active
E1179,Engineering,Manager,2019-01-01,73,52930,1.3,active
E1180,HR,Director,2019-01-02,73,44971,1.8,active
E1181,Engineering,Intern,2019-01-01,73,97506,1.6,left
E1182,HR,Director,2019-01-02,73,115335,2.8,active
E1183,Sales,Junior,2019-01-01,73,133351,1.4,active
E1184,Sales,Manager,2019-01-01,73,56979,4.4,left
E1185,Finance,Junior,2019-01-02,73,72428,4.0,active
E1186,Finance,Junior,2019-01-02,73,105374,4.5,active
E1187,Operations,Junior,2019-01-01,73,112075,4.5,active
E1188,Sales,Director,2019-01-01,73,156354,4.4,active
E1189,Operations,Director,2019-01-01,73,139059,3.9,left
E1190,Operations,Director,2019-01-01,73,74155,1.9,active
E1191,Finance,Junior,2019-01-02,73,148584,1.5,active
E1192,HR,Senior,2019-01-02,73,76129,3.0,active
E1193,Sales,Junior,2019-01-01,73,59263,1.8,left
E1194,Marketing,Director,2019-01-01,73,175344,3.8,active
E1195,Sales,Intern,2019-01-01,73,50764,3.2,active
E1196,Finance,Manager,2019-01-01,73,101001,3.7,active
E1197,Sales,Senior,2019-01-02,73,149818,4.8,active
E1198,Operations,Junior,2019-01-02,73,101945,2.7,active
E1199,Engineering,Director,2019-01-01,73,120604,1.7,active
E1200,Operations,Intern,2019-01-02,73,78103,4.0,active
E1201,Finance,Senior,2019-01-01,73,146126,2.4,active
E1202,Operations,Intern,2019-01-01,73,127583,1.1,active
E1203,Sales,Intern,2019-01-01,73,40592,4.0,active
E1204,HR,Intern,2019-01-02,73,161668,2.3,active
E1205,Marketing,Manager,2019-01-01,73,46854,3.8,active
E1206,Engineering,Manager,2019-01-02,73,114457,2.2,active
E1207,Sales,Senior,2019-01-02,73,94201,3.5,active
E1208,Sales,Director,2019-01-02,73,135472,2.6,active
E1209,Operations,Director,2019-01-01,73,131587,4.4,left
E1210,Engineering,Director,2019-01-01,73,85442,1.2,active
E1211,HR,Intern,2019-01-01,73,83145,2.7,active
E1212,Operations,Intern,2019-01-02,73,90447,3.2,active
E1213,Operations,Senior,2019-01-01,73,153722,2.4,active
E1214,Engineering,Junior,2019-01-02,73,87742,2.0,left
E1215,Finance,Intern,2019-01-02,73,132786,4.0,active
E1216,Marketing,Junior,2019-01-02,73,57289,2.4,active
E1217,Operations,Intern,2019-01-02,73,89821,3.2,active
E1218,Finance,Senior,2019-01-02,73,89533,2.8,left
E1219,HR,Senior,2019-01-02,73,153310,4.7,active
E1220,HR,Manager,2019-01-02,73,162558,1.5,active
E1221,Sales,Director,2019-01-02,73,43275,4.1,active
E1222,Finance,Manager,2019-01-02,73,129548,4.2,active
E1223,Operations,Manager,2019-01-02,73,50616,3.7,left
E1224,Finance,Director,2019-01-01,73,42183,4.1,active
E1225,Operations,Manager,2019-01-02,73,118752,3.7,active
E1226,Finance,Junior,2019-01-02,73,60709,3.5,active
E1227,Marketing,Director,2019-01-02,73,105723,4.1,active
E1228,HR,Junior,2019-01-01,73,155397,1.5,active
E1229,HR,Manager,2019-01-01,73,165782,4.1,active
E1230,Marketing,Senior,2019-01-01,73,140872,3.3,active
E1231,Marketing,Junior,2019-01-01,73,123833,3.7,left
E1232,HR,Director,2019-01-02,73,163067,4.2,active
E1233,Engineering,Senior,2019-01-02,73,121382,2.8,active
E1234,HR,Manager,2019-01-01,73,138926,2.6,active
E1235,HR,Director,2019-01-01,73,174144,4.6,active
E1236,Operations,Intern,2019-01-01,73,158508,1.3,left
E1237,Finance,Director,2019-01-01,73,101214,2.9,active
E1238,HR,Senior,2019-01-01,73,84013,3.9,left
E1239,Finance,Junior,2019-01-02,73,176548,2.3,left
E1240,HR,Intern,2019-01-02,73,77234,3.0,left
E1241,Engineering,Intern,2019-01-02,73,107649,4.9,active
E1242,HR,Director,2019-01-01,73,117245,1.9,active
E1243,Engineering,Senior,2019-01-01,73,125600,4.0,active
E1244,Marketing,Manager,2019-01-01,73,99614,4.5,active
E1245,Marketing,Junior,2019-01-01,73,101086,3.1,active
E1246,Marketing,Director,2019-01-02,73,75612,2.8,active
E1247,Marketing,Manager,2019-01-02,73,84117,2.5,left
E1248,Engineering,Senior,2019-01-01,73,102448,2.7,active
E1249,Engineering,Director,2019-01-02,73,97330,2.8,active
E1250,Operations,Intern,2019-01-01,73,42713,2.5,active
E1251,Sales,Junior,2019-01-01,73,151421,4.8,active
E1252,Finance,Director,2019-01-01,73,123637,2.4,active
E1253,Sales,Senior,2019-01-01,73,125391,1.7,active
E1254,Sales,Manager,2019-01-01,73,166916,4.1,left
E1255,Engineering,Junior,2019-01-02,73,85571,3.0,active
E1256,Engineering,Junior,2019-01-01,73,108006,1.5,left
E1257,Finance,Director,2019-01-02,73,114637,4.2,active
E1258,Operations,Intern,2019-01-01,73,44813,3.5,active
E1259,Marketing,Senior,2019-01-01,73,82155,2.1,left
E1260,HR,Manager,2019-01-01,73,169096,4.6,left
E1261,Operations,Junior,2019-01-02,73,118711,5.0,active
E1262,Sales,Manager,2019-01-02,73,141125,3.8,active
E1263,Finance,Junior,2019-01-02,73,119486,4.3,active
E1264,Marketing,Intern,2019-01-01,73,129200,4.1,left
E1265,Operations,Director,2019-01-02,73,135213,3.7,active
E1266,Engineering,Director,2019-01-01,73,170578,4.9,active
E1267,Engineering,Manager,2019-01-02,73,142269,2.4,active
E1268,Marketing,Intern,2019-01-02,73,139884,1.4,active
E1269,Sales,Director,2019-01-01,73,62772,3.9,left
E1270,Operations,Director,2019-01-01,73,108404,2.8,left
E1271,Finance,Intern,2019-01-02,73,154446,2.3,active
E1272,HR,Senior,2019-01-01,73,46040,3.0,active
E1273,HR,Senior,2019-01-02,73,55397,1.1,active
E1274,Operations,Junior,2019-01-02,73,81132,1.2,active
E1275,Marketing,Intern,2019-01-01,73,55465,3.0,active
E1276,Marketing,Manager,2019-01-02,73,132905,2.8,active
E1277,Engineering,Manager,2019-01-01,73,156669,4.2,active
E1278,Sales,Director,2019-01-01,73,68571,4.8,active
E1279,Operations,Manager,2019-01-01,73,164947,3.6,active
E1280,Operations,Manager,2019-01-02,73,116855,3.8,active
E1281,Operations,Junior,2019-01-02,73,71466,3.0,active
E1282,HR,Director,2019-01-01,73,53631,2.2,active
E1283,HR,Manager,2019-01-01,73,148673,1.7,left
E1284,Engineering,Director,2019-01-02,73,95506,2.4,active
E1285,Operations,Director,2019-01-02,73,152305,1.9,active
E1286,Finance,Senior,2019-01-02,73,134518,3.3,active
E1287,HR,Intern,2019-01-02,73,106402,3.9,active
E1288,Finance,Director,2019-01-02,73,130311,2.4,active
E1289,Engineering,Director,2019-01-01,73,156131,1.3,active
E1290,Finance,Senior,2019-01-02,73,70240,3.8,active
E1291,Operations,Junior,2019-01-01,73,160716,1.9,left
E1292,Sales,Senior,2019-01-01,73,120215,4.3,left
E1293,Operations,Manager,2019-01-02,73,142175,2.0,active
E1294,Operations,Director,2019-01-02,73,100912,1.8,active
E1295,Operations,Manager,2019-01-02,73,163700,4.2,active
E1296,Engineering,Director,2019-01-01,73,168248,1.3,active
E1297,Engineering,Intern,2019-01-02,73,54054,1.0,active
E1298,Engineering,Intern,2019-01-01,73,163926,2.8,active
E1299,Marketing,Senior,2019-01-02,73,41172,3.8,left
E1300,Sales,Intern,2019-01-02,73,144422,4.9,left
E1301,Marketing,Manager,2019-01-01,73,169165,4.9,left
E1302,Operations,Junior,2019-01-01,73,140491,4.3,active
E1303,Operations,Intern,2019-01-02,73,96762,2.7,active
E1304,Operations,Director,2019-01-02,73,44983,1.9,active
E1305,Marketing,Director,2019-01-02,73,140208,2.6,active
E1306,Engineering,Senior,2019-01-01,73,81521,1.9,active
E1307,Operations,Manager,2019-01-02,73,54377,4.5,active
E1308,Engineering,Junior,2019-01-02,73,96956,2.2,active
E1309,Marketing,Manager,2019-01-02,73,108205,4.4,active
E1310,Operations,Manager,2019-01-02,73,102174,4.9,active
E1311,Operations,Manager,2019-01-01,73,57757,4.8,active
E1312,HR,Intern,2019-01-01,73,101265,4.6,active
E1313,HR,Junior,2019-01-01,73,89585,2.3,active
E1314,HR,Director,2019-01-02,73,116860,4.8,left
E1315,Engineering,Manager,2019-01-02,73,90032,3.8,active
E1316,Finance,Junior,2019-01-01,73,176184,1.5,active
E1317,Engineering,Junior,2019-01-01,73,81118,1.2,active
E1318,Operations,Junior,2019-01-01,73,85566,4.0,active
E1319,HR,Director,2019-01-02,73,121170,4.2,left
E1320,Finance,Manager,2019-01-01,73,162934,2.3,active
E1321,Sales,Manager,2019-01-01,73,119594,2.7,active
E1322,Sales,Junior,2019-01-02,73,135210,3.6,active
E1323,Sales,Senior,2019-01-02,73,63028,1.4,active
E1324,Operations,Director,2019-01-02,73,146828,4.2,active
E1325,Engineering,Intern,2019-01-02,73,40763,4.8,active
E1326,HR,Manager,2019-01-02,73,114621,4.4,active
E1327,Operations,Intern,2019-01-01,73,124884,1.2,active
E1328,Operations,Junior,2019-01-01,73,100260,3.4,active
E1329,Marketing,Intern,2019-01-01,73,73870,3.8,active
E1330,Operations,Intern,2019-01-01,73,164959,1.0,active
E1331,Sales,Intern,2019-01-02,73,51189,3.4,left
E1332,Marketing,Intern,2019-01-01,73,43934,4.5,active
E1333,Marketing,Manager,2019-01-02,73,71721,2.6,active
E1334,Operations,Junior,2019-01-02,73,50511,1.3,active
E1335,Marketing,Junior,2019-01-01,73,143549,1.8,active
E1336,Marketing,Director,2019-01-01,73,122040,4.5,active
E1337,Sales,Manager,2019-01-01,73,121243,4.7,active
E1338,Operations,Intern,2019-01-02,73,162990,1.3,left
E1339,Sales,Manager,2019-01-02,73,60846,3.7,active
E1340,Operations,Junior,2019-01-02,73,121459,5.0,active
E1341,Finance,Director,2019-01-02,73,106930,3.6,active
E1342,Finance,Senior,2019-01-01,73,73557,1.7,left
E1343,HR,Junior,2019-01-01,73,157970,4.2,active
E1344,Sales,Intern,2019-01-01,73,47961,3.0,active
E1345,Sales,Manager,2019-01-01,73,100261,1.7,active
E1346,Sales,Manager,2019-01-01,73,174277,3.3,left
E1347,Operations,Director,2019-01-02,73,153313,1.6,active
E1348,Operations,Senior,2019-01-02,73,177401,4.9,active
E1349,Sales,Manager,2019-01-01,73,164622,3.9,active
E1350,HR,Manager,2019-01-01,73,148146,3.9,active
E1351,Marketing,Director,2019-01-02,73,154282,3.8,active
E1352,Operations,Director,2019-01-01,73,144578,2.9,active
E1353,HR,Director,2019-01-02,73,63671,1.8,active
E1354,Operations,Director,2019-01-02,73,137411,3.3,active
E1355,Engineering,Intern,2019-01-01,73,63403,4.8,active
E1356,Marketing,Manager,2019-01-02,73,64617,3.9,active
E1357,Sales,Manager,2019-01-01,73,105294,4.5,active
E1358,Operations,Director,2019-01-02,73,103072,2.0,active
E1359,Finance,Junior,2019-01-01,73,168613,1.7,active
E1360,Operations,Senior,2019-01-01,73,71962,3.9,active
E1361,Operations,Senior,2019-01-02,73,83982,3.6,active
E1362,Engineering,Intern,2019-01-01,73,119364,3.7,left
E1363,Engineering,Manager,2019-01-01,73,161181,1.0,active
E1364,Finance,Director,2019-01-01,73,131040,2.7,active
E1365,Operations,Junior,2019-01-01,73,61110,3.2,left
E1366,Operations,Intern,2019-01-02,73,75813,1.2,active
E1367,Operations,Junior,2019-01-02,73,133979,1.3,active
E1368,Sales,Senior,2019-01-01,73,163444,4.9,active
E1369,Marketing,Junior,2019-01-02,73,178459,1.0,left
E1370,Finance,Senior,2019-01-01,73,138088,3.5,active
E1371,Marketing,Director,2019-01-02,73,75966,4.4,active
E1372,Finance,Manager,2019-01-01,73,170072,3.2,active
E1373,Sales,Senior,2019-01-01,73,52759,4.6,active
E1374,Finance,Director,2019-01-01,73,96155,3.4,left
E1375,Engineering,Senior,2019-01-01,73,103986,1.4,left
E1376,Finance,Director,2019-01-01,73,58832,3.0,active
E1377,HR,Senior,2019-01-01,73,49236,4.5,left
E1378,HR,Director,2019-01-01,73,126671,2.5,active
E1379,HR,Director,2019-01-01,73,150886,2.3,active
E1380,Engineering,Senior,2019-01-01,73,104696,3.9,active
E1381,Finance,Intern,2019-01-02,73,120851,2.7,left
E1382,Operations,Manager,2019-01-01,73,177838,4.3,active
E1383,Finance,Manager,2019-01-01,73,96241,3.0,active
E1384,Operations,Director,2019-01-02,73,175468,1.8,active
E1385,Marketing,Senior,2019-01-02,73,62693,4.2,active
E1386,Marketing,Senior,2019-01-02,73,103342,1.2,active
E1387,Sales,Director,2019-01-01,73,70931,1.2,active
E1388,Finance,Director,2019-01-02,73,45139,1.6,active
E1389,Finance,Director,2019-01-01,73,176590,3.7,left
E1390,Marketing,Intern,2019-01-01,73,163835,4.7,active
E1391,Marketing,Junior,2019-01-01,73,82269,4.5,active
E1392,HR,Senior,2019-01-02,73,155019,1.1,active
E1393,Operations,Director,2019-01-01,73,179932,2.2,left
E1394,Marketing,Intern,2019-01-02,73,62679,2.3,active
E1395,Engineering,Manager,2019-01-02,73,84739,4.4,active
E1396,Marketing,Senior,2019-01-01,73,170819,1.6,active
E1397,Engineering,Director,2019-01-02,73,138136,4.4,active
E1398,HR,Director,2019-01-02,73,42140,4.4,left
E1399,Marketing,Junior,2019-01-02,73,100775,2.5,active
E1400,Marketing,Manager,2019-01-02,73,172826,3.2,active
E1401,Engineering,Junior,2019-01-01,73,91914,2.5,active
E1402,Engineering,Manager,2019-01-01,73,119138,3.1,left
E1403,Sales,Director,2019-01-01,73,51468,3.8,active
E1404,Marketing,Director,2019-01-01,73,150930,1.9,active
E1405,Finance,Intern,2019-01-02,73,161599,3.7,active
E1406,Operations,Intern,2019-01-01,73,168240,1.7,active
E1407,Marketing,Junior,2019-01-02,73,117684,3.4,active
E1408,Marketing,Senior,2019-01-01,73,41732,2.9,active
E1409,Engineering,Junior,2019-01-01,73,45212,1.6,active
E1410,Marketing,Director,2019-01-02,73,42295,1.8,active
E1411,Sales,Junior,2019-01-02,73,66636,2.1,active
E1412,Operations,Senior,2019-01-02,73,107137,2.6,active
E1413,Finance,Intern,2019-01-02,73,76161,2.7,active
E1414,Engineering,Manager,2019-01-01,73,76875,1.4,active
E1415,Marketing,Manager,2019-01-02,73,101031,2.2,active
E1416,Engineering,Intern,2019-01-01,73,66240,2.4,active
E1417,Engineering,Senior,2019-01-02,73,162321,1.3,left
E1418,Sales,Manager,2019-01-02,73,42326,2.7,active
E1419,Sales,Intern,2019-01-02,73,75257,1.9,active
E1420,Finance,Director,2019-01-01,73,41856,1.8,active
E1421,Finance,Director,2019-01-02,73,170790,2.4,left
E1422,Marketing,Manager,2019-01-01,73,102021,2.6,active
E1423,Engineering,Intern,2019-01-02,73,169238,1.0,active
E1424,Marketing,Director,2019-01-02,73,179480,2.9,active
E1425,Marketing,Manager,2019-01-01,73,89603,4.3,active
E1426,Sales,Junior,2019-01-02,73,49552,4.7,active
E1427,HR,Junior,2019-01-01,73,120414,1.5,active
E1428,HR,Manager,2019-01-02,73,165996,1.2,active
E1429,Operations,Manager,2019-01-01,73,156906,1.0,active
E1430,Finance,Senior,2019-01-01,73,65370,2.5,active
E1431,Sales,Director,2019-01-02,73,101620,1.2,active
E1432,Operations,Director,2019-01-02,73,150266,3.8,active
E1433,Operations,Senior,2019-01-02,73,64753,1.4,left
E1434,Sales,Intern,2019-01-01,73,114033,3.2,active
E1435,Operations,Director,2019-01-02,73,61651,3.4,active
E1436,Marketing,Senior,2019-01-01,73,49967,3.0,active
E1437,Operations,Junior,2019-01-02,73,136788,3.7,left
E1438,Sales,Junior,2019-01-02,73,133333,1.8,active
E1439,Engineering,Director,2019-01-01,73,167150,2.1,active
E1440,Sales,Director,2019-01-01,73,148452,3.0,active
E1441,Engineering,Director,2019-01-02,73,138164,2.4,active
E1442,Engineering,Intern,2019-01-01,73,67645,4.3,left
E1443,Marketing,Manager,2019-01-01,73,150152,4.3,active
E1444,Marketing,Manager,2019-01-02,73,141822,2.4,active
E1445,Sales,Director,2019-01-01,73,89991,1.2,left
E1446,Sales,Director,2019-01-02,73,119629,2.4,active
E1447,Sales,Manager,2019-01-02,73,65362,4.9,active
E1448,Engineering,Intern,2019-01-02,73,149247,3.5,active
E1449,Finance,Junior,2019-01-02,73,83541,1.9,active
E1450,Engineering,Manager,2019-01-02,73,119621,3.6,active
E1451,HR,Senior,2019-01-01,73,79781,1.4,active
E1452,HR,Director,2019-01-01,73,154810,4.2,left
E1453,Finance,Manager,2019-01-02,73,41112,4.5,active
E1454,Sales,Manager,2019-01-02,73,54005,2.0,active
E1455,Marketing,Director,2019-01-02,73,120512,4.4,active
E1456,Finance,Senior,2019-01-02,73,42337,1.1,active
E1457,Engineering,Director,2019-01-01,73,143494,4.1,active
E1458,Marketing,Senior,2019-01-01,73,165343,1.9,active
E1459,Marketing,Senior,2019-01-02,73,59856,3.9,active
E1460,Operations,Director,2019-01-02,73,145625,4.4,active
E1461,Finance,Director,2019-01-01,73,141369,2.7,active
E1462,Operations,Manager,2019-01-02,73,71375,2.3,active
E1463,Finance,Intern,2019-01-01,73,136590,1.9,active
E1464,Engineering,Director,2019-01-02,73,179713,4.9,left
E1465,Sales,Senior,2019-01-02,73,167719,2.9,active
E1466,Finance,Senior,2019-01-02,73,165137,3.5,active
E1467,Operations,Junior,2019-01-02,73,148925,3.5,active
E1468,HR,Junior,2019-01-01,73,151484,4.0,active
E1469,Operations,Intern,2019-01-01,73,157449,3.7,active
E1470,Operations,Manager,2019-01-02,73,88720,1.6,active
E1471,Marketing,Junior,2019-01-01,73,170381,3.8,active
E1472,Sales,Manager,2019-01-02,73,57433,2.1,left
E1473,HR,Senior,2019-01-01,73,115799,3.3,active
E1474,HR,Manager,2019-01-01,73,136494,4.7,active
E1475,Marketing,Director,2019-01-02,73,95402,4.2,active
E1476,Sales,Senior,2019-01-01,73,90813,4.1,active
E1477,Marketing,Junior,2019-01-01,73,50503,3.3,active
E1478,Sales,Junior,2019-01-01,73,57294,3.2,active
E1479,Operations,Manager,2019-01-02,73,143641,2.8,left
E1480,Marketing,Manager,2019-01-01,73,106893,1.1,left
E1481,Sales,Junior,2019-01-02,73,153172,1.4,left
E1482,Engineering,Director,2019-01-02,73,132202,3.5,left
E1483,Finance,Intern,2019-01-01,73,118258,4.6,left
E1484,Operations,Director,2019-01-01,73,54087,2.8,active
E1485,Finance,Intern,2019-01-02,73,54922,1.9,active
E1486,Engineering,Intern,2019-01-02,73,135627,4.7,active
E1487,Sales,Intern,2019-01-01,73,90162,2.0,active
E1488,Engineering,Manager,2019-01-01,73,166428,4.5,active
E1489,Finance,Director,2019-01-01,73,166860,3.9,active
E1490,Engineering,Senior,2019-01-01,73,135860,2.2,active
E1491,Finance,Senior,2019-01-02,73,149440,3.9,active
E1492,Operations,Junior,2019-01-02,73,96087,4.0,active
E1493,Finance,Intern,2019-01-02,73,155072,1.2,active
E1494,HR,Intern,2019-01-02,73,137499,2.0,active
E1495,HR,Intern,2019-01-01,73,168051,4.6,active
E1496,Sales,Intern,2019-01-02,73,99836,1.5,left
E1497,Marketing,Senior,2019-01-01,73,93938,3.1,active
E1498,Engineering,Director,2019-01-01,73,167175,2.0,left
E1499,Marketing,Junior,2019-01-02,73,63074,4.0,active
E1500,Engineering,Manager,2019-01-02,73,134666,2.6,active
