shipment_id,sku,warehouse,order_date,ship_date,lead_time_days,quantity,cost,status
S1,SKU3280,East DC,2024-10-05,2024-10-11,6,109,126.44,delivered
S2,SKU5528,West DC,2024-09-27,2024-10-09,12,449,99.07,delivered
S3,SKU5528,East DC,2024-07-01,2024-07-06,5,19,70.39,delayed
S4,SKU3173,West DC,2024-11-26,2024-11-29,3,13,191.0,delayed
S5,SKU4787,West DC,2024-10-03,2024-10-15,12,483,33.08,delivered
S6,SKU7087,West DC,2024-08-06,2024-08-08,2,195,143.66,delayed
S7,SKU9344,West DC,2024-04-17,2024-04-21,4,320,93.61,delivered
S8,SKU9344,Central DC,2024-11-22,2024-11-25,3,202,91.4,delivered
S9,SKU1009,Central DC,2024-12-06,2024-12-08,2,316,84.57,delivered
S10,SKU2110,East DC,2024-11-09,2024-11-16,7,130,41.54,delivered
S11,SKU5826,East DC,2024-08-08,2024-08-12,4,12,156.83,delivered
S12,SKU7346,East DC,2024-02-23,2024-03-06,12,15,64.79,delivered
S13,SKU4373,South DC,2024-01-13,2024-01-17,4,65,20.83,delivered
S14,SKU1313,South DC,2024-08-27,2024-08-30,3,420,26.33,delivered
S15,SKU4787,East DC,2024-10-23,2024-10-31,8,461,63.38,delivered
S16,SKU5826,East DC,2024-03-15,2024-03-16,1,374,186.37,delayed
S17,SKU5528,West DC,2024-02-21,2024-03-04,12,44,29.54,delayed
S18,SKU3280,Central DC,2024-05-30,2024-06-07,8,115,38.46,delivered
S19,SKU4154,East DC,2024-09-05,2024-09-07,2,273,183.76,in_transit
S20,SKU7642,West DC,2024-07-22,2024-07-23,1,31,7.56,delivered
S21,SKU9648,West DC,2024-11-16,2024-11-19,3,384,156.98,delivered
S22,SKU5847,West DC,2024-02-11,2024-02-12,1,237,108.39,delivered
S23,SKU1009,South DC,2024-02-25,2024-03-09,13,310,167.37,delayed
S24,SKU6006,West DC,2024-07-08,2024-07-18,10,88,113.71,delayed
S25,SKU1441,Central DC,2024-06-03,2024-06-04,1,439,39.28,delivered
S26,SKU9349,West DC,2024-08-15,2024-08-20,5,410,176.33,delayed
S27,SKU8432,South DC,2024-01-29,2024-01-31,2,272,191.32,in_transit
S28,SKU7880,Central DC,2024-07-23,2024-08-03,11,292,183.62,delivered
S29,SKU1411,Central DC,2024-05-26,2024-06-08,13,52,151.05,in_transit
S30,SKU7592,West DC,2024-03-25,2024-04-05,11,116,67.74,delivered
S31,SKU3525,East DC,2024-06-19,2024-07-03,14,202,135.21,delayed
S32,SKU1141,Central DC,2024-01-26,2024-02-03,8,293,102.37,delivered
S33,SKU5873,East DC,2024-05-13,2024-05-16,3,347,106.98,delivered
S34,SKU9738,Central DC,2024-03-01,2024-03-05,4,395,22.13,delivered
S35,SKU1411,East DC,2024-03-25,2024-04-05,11,395,192.88,delivered
S36,SKU5528,Central DC,2024-02-03,2024-02-11,8,101,154.96,delayed
S37,SKU1703,West DC,2024-04-29,2024-05-02,3,414,9.42,delivered
S38,SKU6835,Central DC,2024-11-19,2024-11-22,3,325,50.77,delivered
S39,SKU3368,East DC,2024-09-29,2024-10-07,8,346,102.58,delayed
S40,SKU5826,Central DC,2024-05-10,2024-05-23,13,117,169.17,delivered
S41,SKU1070,East DC,2024-10-02,2024-10-11,9,498,121.1,delivered
S42,SKU1441,West DC,2024-06-12,2024-06-14,2,122,117.14,delayed
S43,SKU1703,South DC,2024-05-25,2024-06-04,10,160,159.44,in_transit
S44,SKU7087,South DC,2024-02-15,2024-02-22,7,498,108.27,in_transit
S45,SKU1703,West DC,2024-12-07,2024-12-11,4,405,177.47,in_transit
S46,SKU4154,East DC,2024-08-12,2024-08-17,5,195,12.38,delayed
S47,SKU7642,East DC,2024-06-03,2024-06-07,4,132,130.54,delivered
S48,SKU3302,South DC,2024-07-08,2024-07-18,10,399,62.93,delayed
S49,SKU4373,South DC,2024-12-15,2024-12-27,12,394,85.06,delivered
S50,SKU2668,South DC,2024-02-04,2024-02-12,8,339,172.22,delayed
S51,SKU4787,Central DC,2024-09-09,2024-09-16,7,106,85.89,delayed
S52,SKU9360,Central DC,2024-11-22,2024-11-30,8,117,114.73,delivered
S53,SKU7880,East DC,2024-02-04,2024-02-09,5,141,180.05,delivered
S54,SKU5847,East DC,2024-10-24,2024-11-02,9,69,42.71,delivered
S55,SKU9648,West DC,2024-09-10,2024-09-17,7,268,122.74,delayed
S56,SKU5826,East DC,2024-11-05,2024-11-11,6,198,133.62,delivered
S57,SKU1141,Central DC,2024-03-05,2024-03-15,10,404,83.4,delayed
S58,SKU5847,Central DC,2024-08-18,2024-08-27,9,290,84.7,delivered
S59,SKU9648,Central DC,2024-01-19,2024-01-24,5,252,142.17,delivered
S60,SKU3302,Central DC,2024-01-06,2024-01-10,4,259,132.45,delivered
S61,SKU4373,South DC,2024-01-25,2024-02-02,8,281,178.56,delivered
S62,SKU6835,East DC,2024-05-10,2024-05-24,14,408,39.13,delivered
S63,SKU9738,East DC,2024-05-16,2024-05-18,2,404,154.12,delivered
S64,SKU3525,Central DC,2024-05-11,2024-05-25,14,235,102.56,delivered
S65,SKU2279,Central DC,2024-09-02,2024-09-06,4,441,100.83,delayed
S66,SKU8036,East DC,2024-05-19,2024-05-27,8,429,177.58,delivered
S67,SKU5826,Central DC,2024-11-16,2024-11-21,5,57,155.1,delivered
S68,SKU4787,East DC,2024-07-15,2024-07-29,14,344,66.67,in_transit
S69,SKU8432,Central DC,2024-08-05,2024-08-19,14,44,148.32,in_transit
S70,SKU4359,West DC,2024-10-30,2024-11-08,9,427,105.23,delivered
S71,SKU9344,South DC,2024-05-17,2024-05-23,6,309,56.76,delivered
S72,SKU8562,South DC,2024-11-13,2024-11-16,3,291,34.09,delivered
S73,SKU3525,East DC,2024-05-04,2024-05-09,5,250,95.09,delivered
S74,SKU7592,West DC,2024-05-10,2024-05-22,12,285,119.02,delivered
S75,SKU3368,East DC,2024-07-06,2024-07-19,13,374,24.48,delivered
S76,SKU9648,East DC,2024-12-24,2025-01-05,12,398,109.26,in_transit
S77,SKU4373,South DC,2024-09-07,2024-09-10,3,47,39.87,delivered
S78,SKU8562,Central DC,2024-09-08,2024-09-19,11,369,43.78,delivered
S79,SKU1411,East DC,2024-06-30,2024-07-09,9,251,187.62,delayed
S80,SKU4417,East DC,2024-01-30,2024-02-09,10,497,123.89,delivered
S81,SKU8036,South DC,2024-11-08,2024-11-17,9,63,143.51,delayed
S82,SKU3173,West DC,2024-06-17,2024-06-25,8,177,162.97,delivered
S83,SKU4787,Central DC,2024-10-24,2024-11-01,8,286,72.06,delivered
S84,SKU3280,East DC,2024-10-21,2024-10-23,2,71,117.82,delayed
S85,SKU9344,South DC,2024-03-26,2024-04-02,7,251,175.08,delivered
S86,SKU3280,South DC,2024-05-22,2024-05-28,6,49,141.5,in_transit
S87,SKU2724,East DC,2024-08-21,2024-08-22,1,26,66.91,delivered
S88,SKU9349,Central DC,2024-02-15,2024-02-19,4,483,62.99,delayed
S89,SKU3525,South DC,2024-11-14,2024-11-15,1,211,166.48,delivered
S90,SKU9875,Central DC,2024-06-09,2024-06-23,14,421,177.19,delivered
S91,SKU1070,West DC,2024-03-22,2024-03-30,8,272,99.14,delivered
S92,SKU4359,South DC,2024-03-29,2024-03-30,1,148,194.09,in_transit
S93,SKU9360,West DC,2024-03-01,2024-03-12,11,458,99.19,delivered
S94,SKU2724,East DC,2024-12-22,2024-12-30,8,94,184.74,delivered
S95,SKU1313,Central DC,2024-06-12,2024-06-18,6,120,57.35,delivered
S96,SKU1441,East DC,2024-06-23,2024-07-07,14,79,170.39,delivered
S97,SKU6835,West DC,2024-01-06,2024-01-12,6,408,57.09,delivered
S98,SKU7346,West DC,2024-03-07,2024-03-17,10,139,132.77,delivered
S99,SKU5847,Central DC,2024-06-21,2024-06-26,5,185,118.89,delivered
S100,SKU4359,East DC,2024-03-09,2024-03-11,2,245,135.53,delivered
S101,SKU3027,Central DC,2024-04-08,2024-04-16,8,170,107.06,delivered
S102,SKU3173,Central DC,2024-12-14,2024-12-17,3,418,106.18,delivered
S103,SKU3280,South DC,2024-02-07,2024-02-19,12,362,162.16,delivered
S104,SKU8036,East DC,2024-06-27,2024-06-28,1,235,170.75,delayed
S105,SKU8432,West DC,2024-11-21,2024-12-05,14,388,115.61,delivered
S106,SKU4944,West DC,2024-01-29,2024-02-04,6,440,180.86,in_transit
S107,SKU9360,West DC,2024-02-08,2024-02-21,13,189,44.54,in_transit
S108,SKU1313,West DC,2024-09-28,2024-10-09,11,380,96.33,delivered
S109,SKU1070,West DC,2024-02-07,2024-02-09,2,255,22.53,delayed
S110,SKU7880,West DC,2024-01-31,2024-02-08,8,61,72.29,delivered
S111,SKU6835,Central DC,2024-10-29,2024-11-09,11,330,117.28,delivered
S112,SKU6835,West DC,2024-10-14,2024-10-26,12,303,116.1,delivered
S113,SKU7979,West DC,2024-04-29,2024-05-06,7,292,50.55,delayed
S114,SKU3525,West DC,2024-05-09,2024-05-14,5,173,74.01,in_transit
S115,SKU9344,West DC,2024-01-03,2024-01-07,4,369,18.83,delivered
S116,SKU5092,East DC,2024-10-15,2024-10-29,14,268,148.01,delivered
S117,SKU8432,South DC,2024-01-01,2024-01-08,7,355,42.01,in_transit
S118,SKU7979,West DC,2024-07-03,2024-07-17,14,322,16.52,delivered
S119,SKU1009,West DC,2024-11-01,2024-11-12,11,373,126.57,delivered
S120,SKU5847,West DC,2024-04-17,2024-04-26,9,163,166.27,in_transit
S121,SKU6006,South DC,2024-02-19,2024-02-24,5,76,155.04,delayed
S122,SKU9349,South DC,2024-06-05,2024-06-16,11,303,34.02,delayed
S123,SKU1141,South DC,2024-09-25,2024-09-30,5,478,163.52,delivered
S124,SKU5910,West DC,2024-03-31,2024-04-11,11,333,67.79,delayed
S125,SKU4787,East DC,2024-09-16,2024-09-23,7,493,159.84,in_transit
S126,SKU7642,West DC,2024-07-02,2024-07-11,9,309,18.45,delivered
S127,SKU3302,Central DC,2024-09-18,2024-09-21,3,243,121.98,delivered
S128,SKU9875,South DC,2024-06-24,2024-07-07,13,91,194.12,in_transit
S129,SKU9349,South DC,2024-06-18,2024-06-26,8,175,131.75,delayed
S130,SKU2668,Central DC,2024-06-17,2024-06-30,13,22,72.38,delivered
S131,SKU7592,South DC,2024-10-09,2024-10-23,14,115,106.0,delivered
S132,SKU3280,Central DC,2024-09-01,2024-09-15,14,351,110.5,delivered
S133,SKU1441,West DC,2024-01-03,2024-01-07,4,257,120.38,delivered
S134,SKU5092,South DC,2024-01-24,2024-02-03,10,282,98.21,delivered
S135,SKU1141,East DC,2024-08-17,2024-08-31,14,382,7.86,delivered
S136,SKU3173,East DC,2024-06-26,2024-07-02,6,131,29.75,delivered
S137,SKU6006,Central DC,2024-02-08,2024-02-09,1,237,65.88,delivered
S138,SKU4944,South DC,2024-10-17,2024-10-29,12,129,171.2,in_transit
S139,SKU4359,West DC,2024-08-20,2024-09-01,12,260,124.68,in_transit
S140,SKU5826,West DC,2024-11-17,2024-11-19,2,285,79.69,delayed
S141,SKU4359,Central DC,2024-08-11,2024-08-19,8,19,7.09,delayed
S142,SKU3280,South DC,2024-05-12,2024-05-23,11,342,31.54,delivered
S143,SKU7979,South DC,2024-01-18,2024-01-28,10,121,49.15,in_transit
S144,SKU9360,Central DC,2024-04-07,2024-04-19,12,315,193.7,delivered
S145,SKU1313,Central DC,2024-05-23,2024-05-27,4,2,81.72,delayed
S146,SKU9349,West DC,2024-12-23,2024-12-30,7,193,7.57,delivered
S147,SKU9565,East DC,2024-12-31,2025-01-04,4,16,45.55,delayed
S148,SKU9565,West DC,2024-06-15,2024-06-17,2,360,163.78,delivered
S149,SKU4359,West DC,2024-09-15,2024-09-24,9,61,62.61,delivered
S150,SKU3280,South DC,2024-01-13,2024-01-23,10,361,132.99,delivered
S151,SKU9565,Central DC,2024-12-18,2024-12-21,3,79,167.75,delivered
S152,SKU9349,East DC,2024-07-17,2024-07-28,11,420,68.48,delivered
S153,SKU8432,West DC,2024-05-02,2024-05-05,3,339,102.02,delivered
S154,SKU1703,South DC,2024-07-30,2024-08-12,13,319,85.15,delivered
S155,SKU7642,Central DC,2024-11-11,2024-11-12,1,431,35.34,delayed
S156,SKU8432,East DC,2024-03-26,2024-03-28,2,93,103.92,delayed
S157,SKU3027,West DC,2024-07-20,2024-07-25,5,271,93.16,delivered
S158,SKU9565,West DC,2024-06-12,2024-06-20,8,367,5.09,delayed
S159,SKU2002,East DC,2024-03-18,2024-03-19,1,288,133.3,delayed
S160,SKU7087,Central DC,2024-07-20,2024-07-26,6,356,188.71,delivered
S161,SKU3525,West DC,2024-05-29,2024-06-02,4,387,82.65,delivered
S162,SKU5873,South DC,2024-01-07,2024-01-15,8,386,173.13,delivered
S163,SKU7643,South DC,2024-06-21,2024-06-25,4,459,163.48,delivered
S164,SKU1411,West DC,2024-08-29,2024-09-03,5,203,184.37,delayed
S165,SKU8036,South DC,2024-12-26,2025-01-09,14,269,73.12,in_transit
S166,SKU4154,Central DC,2024-03-27,2024-04-04,8,76,107.09,delayed
S167,SKU7979,South DC,2024-05-16,2024-05-20,4,421,11.19,delivered
S168,SKU8036,East DC,2024-12-17,2024-12-30,13,27,43.74,delivered
S169,SKU5873,West DC,2024-05-09,2024-05-16,7,458,28.32,delivered
S170,SKU2724,Central DC,2024-05-12,2024-05-19,7,266,131.53,in_transit
S171,SKU6006,West DC,2024-10-08,2024-10-11,3,259,66.39,delivered
S172,SKU1313,South DC,2024-11-10,2024-11-14,4,404,83.2,in_transit
S173,SKU5873,East DC,2024-11-03,2024-11-13,10,483,38.77,delivered
S174,SKU7642,Central DC,2024-09-21,2024-09-28,7,334,112.69,delivered
S175,SKU9648,Central DC,2024-03-01,2024-03-11,10,50,138.16,delayed
S176,SKU6442,East DC,2024-09-03,2024-09-07,4,372,103.57,delivered
S177,SKU4787,West DC,2024-12-16,2024-12-17,1,247,113.89,delivered
S178,SKU9360,Central DC,2024-10-24,2024-10-26,2,166,122.41,in_transit
S179,SKU8432,Central DC,2024-03-13,2024-03-26,13,44,39.25,delivered
S180,SKU5847,South DC,2024-08-03,2024-08-04,1,105,85.37,delayed
S181,SKU7643,South DC,2024-02-04,2024-02-11,7,266,65.3,delivered
S182,SKU3280,East DC,2024-05-05,2024-05-10,5,407,85.62,delayed
S183,SKU4373,Central DC,2024-07-26,2024-07-27,1,228,142.3,delivered
S184,SKU9565,East DC,2024-05-18,2024-05-22,4,275,42.32,in_transit
S185,SKU7592,East DC,2024-11-15,2024-11-25,10,442,147.65,in_transit
S186,SKU7346,South DC,2024-01-19,2024-01-30,11,409,72.38,delivered
S187,SKU6442,Central DC,2024-09-03,2024-09-10,7,121,14.35,delayed
S188,SKU5910,West DC,2024-06-09,2024-06-19,10,453,86.63,in_transit
S189,SKU1441,West DC,2024-11-02,2024-11-11,9,100,126.8,in_transit
S190,SKU1313,Central DC,2024-09-02,2024-09-03,1,172,137.64,delivered
S191,SKU2110,West DC,2024-01-05,2024-01-09,4,369,157.0,delivered
S192,SKU2724,Central DC,2024-03-20,2024-04-03,14,492,64.29,delayed
S193,SKU7643,East DC,2024-03-28,2024-03-29,1,180,89.24,delivered
S194,SKU7880,West DC,2024-11-27,2024-12-07,10,122,112.42,in_transit
S195,SKU7346,South DC,2024-05-17,2024-05-31,14,25,71.86,delivered
S196,SKU9360,Central DC,2024-10-02,2024-10-12,10,469,105.62,delayed
S197,SKU3302,Central DC,2024-07-09,2024-07-21,12,296,102.09,delivered
S198,SKU7643,East DC,2024-03-08,2024-03-18,10,264,111.62,delayed
S199,SKU1141,East DC,2024-07-10,2024-07-14,4,269,55.71,delivered
S200,SKU5847,South DC,2024-08-01,2024-08-06,5,255,66.01,delivered
S201,SKU1070,West DC,2024-01-21,2024-01-24,3,369,184.2,delivered
S202,SKU8432,West DC,2024-08-12,2024-08-26,14,100,183.86,delivered
S203,SKU6835,South DC,2024-06-14,2024-06-15,1,210,175.69,delayed
S204,SKU7979,South DC,2024-05-21,2024-05-23,2,66,128.5,delayed
S205,SKU1411,East DC,2024-07-20,2024-07-27,7,99,128.08,delivered
S206,SKU2279,East DC,2024-03-31,2024-04-02,2,261,155.93,in_transit
S207,SKU1009,South DC,2024-07-21,2024-07-27,6,479,145.23,delivered
S208,SKU3302,East DC,2024-12-22,2024-12-29,7,374,111.19,in_transit
S209,SKU4154,West DC,2024-05-03,2024-05-04,1,143,28.49,delivered
S210,SKU3280,West DC,2024-10-13,2024-10-25,12,495,114.81,delivered
S211,SKU7643,South DC,2024-03-04,2024-03-11,7,442,138.66,delayed
S212,SKU6835,Central DC,2024-08-29,2024-09-09,11,48,199.83,in_transit
S213,SKU2724,South DC,2024-01-09,2024-01-19,10,267,66.41,delivered
S214,SKU5847,South DC,2024-08-24,2024-08-31,7,182,198.44,delayed
S215,SKU2668,South DC,2024-09-14,2024-09-28,14,178,106.27,in_transit
S216,SKU7087,Central DC,2024-03-09,2024-03-22,13,485,45.23,delivered
S217,SKU8036,Central DC,2024-11-23,2024-12-03,10,302,30.23,delivered
S218,SKU1703,West DC,2024-07-22,2024-08-02,11,425,42.97,in_transit
S219,SKU9344,West DC,2024-05-15,2024-05-17,2,250,158.2,delivered
S220,SKU9565,East DC,2024-07-01,2024-07-15,14,244,157.16,delivered
S221,SKU5092,East DC,2024-06-21,2024-06-30,9,92,197.18,in_transit
S222,SKU6835,East DC,2024-11-11,2024-11-13,2,296,29.4,in_transit
S223,SKU5528,South DC,2024-04-30,2024-05-10,10,62,94.09,delivered
S224,SKU4373,Central DC,2024-03-05,2024-03-08,3,335,126.42,delivered
S225,SKU4787,Central DC,2024-12-31,2025-01-06,6,425,114.5,delivered
S226,SKU9875,East DC,2024-05-15,2024-05-21,6,90,137.76,delayed
S227,SKU9565,Central DC,2024-12-29,2025-01-08,10,126,70.16,in_transit
S228,SKU2110,West DC,2024-10-27,2024-11-08,12,94,23.92,delivered
S229,SKU7979,West DC,2024-05-01,2024-05-07,6,224,52.82,delayed
S230,SKU1009,Central DC,2024-03-28,2024-04-03,6,141,9.93,delayed
S231,SKU3368,West DC,2024-12-03,2024-12-11,8,155,102.16,delivered
S232,SKU7979,Central DC,2024-08-03,2024-08-16,13,326,132.09,in_transit
S233,SKU9648,South DC,2024-12-09,2024-12-20,11,264,92.61,delivered
S234,SKU4373,Central DC,2024-09-09,2024-09-12,3,215,81.56,delayed
S235,SKU5873,Central DC,2024-09-19,2024-09-29,10,329,24.94,in_transit
S236,SKU5910,East DC,2024-06-19,2024-06-24,5,260,173.46,delayed
S237,SKU1441,West DC,2024-12-11,2024-12-14,3,336,33.38,in_transit
S238,SKU5910,West DC,2024-04-03,2024-04-08,5,480,176.05,in_transit
S239,SKU4944,South DC,2024-05-23,2024-06-03,11,368,166.53,delivered
S240,SKU1313,Central DC,2024-11-07,2024-11-08,1,332,150.26,delivered
S241,SKU9360,South DC,2024-05-14,2024-05-16,2,421,185.39,delivered
S242,SKU3525,Central DC,2024-06-18,2024-06-25,7,203,160.92,delivered
S243,SKU5847,South DC,2024-01-06,2024-01-16,10,214,160.36,in_transit
S244,SKU8036,Central DC,2024-07-07,2024-07-09,2,392,161.08,delivered
S245,SKU5528,Central DC,2024-12-20,2024-12-29,9,300,120.99,delivered
S246,SKU9565,West DC,2024-08-20,2024-08-28,8,491,55.84,in_transit
S247,SKU9738,East DC,2024-09-25,2024-09-29,4,23,90.53,delivered
S248,SKU6835,South DC,2024-02-25,2024-03-09,13,253,93.7,in_transit
S249,SKU8036,East DC,2024-11-27,2024-12-05,8,318,185.51,delayed
S250,SKU4359,East DC,2024-08-14,2024-08-15,1,163,100.63,delivered
S251,SKU1009,Central DC,2024-09-12,2024-09-26,14,317,175.08,delayed
S252,SKU3173,West DC,2024-09-03,2024-09-11,8,51,70.28,delayed
S253,SKU8562,East DC,2024-08-26,2024-09-07,12,458,135.65,delivered
S254,SKU2110,West DC,2024-10-30,2024-11-01,2,266,155.16,delivered
S255,SKU3027,Central DC,2024-07-13,2024-07-22,9,362,93.62,in_transit
S256,SKU7592,West DC,2024-10-28,2024-11-01,4,304,60.48,delivered
S257,SKU3027,Central DC,2024-04-15,2024-04-29,14,472,170.25,delayed
S258,SKU4373,Central DC,2024-07-22,2024-07-27,5,238,125.19,delivered
S259,SKU2724,West DC,2024-05-14,2024-05-21,7,488,119.86,delivered
S260,SKU6006,West DC,2024-05-13,2024-05-27,14,433,20.45,delayed
S261,SKU3173,South DC,2024-03-31,2024-04-11,11,484,34.67,delivered
S262,SKU9360,East DC,2024-11-06,2024-11-16,10,9,9.26,delivered
S263,SKU1313,East DC,2024-04-12,2024-04-21,9,31,164.97,delivered
S264,SKU1009,Central DC,2024-03-17,2024-03-19,2,36,39.12,delivered
S265,SKU8562,West DC,2024-03-22,2024-03-23,1,137,80.87,in_transit
S266,SKU3173,West DC,2024-09-21,2024-10-04,13,393,22.76,delayed
S267,SKU8036,Central DC,2024-05-20,2024-05-21,1,328,100.11,delivered
S268,SKU3525,Central DC,2024-01-26,2024-02-06,11,249,40.04,delayed
S269,SKU3280,East DC,2024-10-21,2024-10-31,10,428,153.64,in_transit
S270,SKU5847,East DC,2024-05-25,2024-06-01,7,337,74.07,delivered
S271,SKU5847,Central DC,2024-03-31,2024-04-10,10,460,199.52,in_transit
S272,SKU4154,Central DC,2024-07-20,2024-07-31,11,397,180.99,delayed
S273,SKU4359,Central DC,2024-05-17,2024-05-28,11,149,102.58,in_transit
S274,SKU7880,East DC,2024-11-26,2024-12-04,8,202,121.75,delivered
S275,SKU1141,Central DC,2024-07-19,2024-07-25,6,443,134.42,delayed
S276,SKU4373,East DC,2024-02-26,2024-03-08,11,142,50.7,delivered
S277,SKU8432,South DC,2024-06-06,2024-06-20,14,475,45.17,delivered
S278,SKU4373,Central DC,2024-09-12,2024-09-26,14,268,139.17,delivered
S279,SKU1703,Central DC,2024-07-30,2024-08-05,6,170,28.97,delivered
S280,SKU5826,South DC,2024-10-02,2024-10-07,5,39,78.17,in_transit
S281,SKU7087,South DC,2024-12-02,2024-12-15,13,190,29.09,delivered
S282,SKU7087,West DC,2024-08-20,2024-08-25,5,333,150.5,in_transit
S283,SKU4154,Central DC,2024-08-23,2024-08-28,5,234,184.8,delayed
S284,SKU4359,South DC,2024-01-10,2024-01-24,14,274,144.14,in_transit
S285,SKU1009,West DC,2024-05-08,2024-05-09,1,362,86.9,delivered
S286,SKU4359,Central DC,2024-12-13,2024-12-18,5,415,95.26,delivered
S287,SKU8432,West DC,2024-07-24,2024-07-30,6,421,99.7,delivered
S288,SKU3302,West DC,2024-03-31,2024-04-14,14,295,95.52,delivered
S289,SKU8562,West DC,2024-01-29,2024-01-30,1,213,70.88,delivered
S290,SKU8562,East DC,2024-09-29,2024-10-11,12,164,90.06,in_transit
S291,SKU5528,West DC,2024-02-12,2024-02-26,14,202,149.68,delivered
S292,SKU1411,Central DC,2024-11-23,2024-12-02,9,32,169.61,delivered
S293,SKU3173,West DC,2024-04-26,2024-05-08,12,473,10.75,delivered
S294,SKU1141,East DC,2024-06-16,2024-06-23,7,330,162.36,in_transit
S295,SKU1070,Central DC,2024-04-03,2024-04-05,2,167,124.03,delivered
S296,SKU2002,West DC,2024-12-03,2024-12-07,4,250,69.77,in_transit
S297,SKU7642,Central DC,2024-06-16,2024-06-18,2,23,109.3,delivered
S298,SKU7880,South DC,2024-04-29,2024-05-10,11,464,69.52,delivered
S299,SKU8562,Central DC,2024-07-12,2024-07-16,4,43,157.71,delivered
S300,SKU7880,Central DC,2024-06-21,2024-06-22,1,359,91.92,delivered
S301,SKU7979,West DC,2024-01-14,2024-01-16,2,97,48.99,delivered
S302,SKU5847,West DC,2024-06-30,2024-07-05,5,7,122.17,delayed
S303,SKU1313,West DC,2024-01-05,2024-01-16,11,79,176.25,delayed
S304,SKU5528,West DC,2024-11-12,2024-11-19,7,477,188.89,delivered
S305,SKU3368,East DC,2024-10-26,2024-11-06,11,5,12.6,in_transit
S306,SKU7643,East DC,2024-02-10,2024-02-12,2,496,27.91,delivered
S307,SKU9648,West DC,2024-03-05,2024-03-15,10,293,183.72,delivered
S308,SKU1313,West DC,2024-01-22,2024-01-25,3,471,161.08,delivered
S309,SKU7642,East DC,2024-06-07,2024-06-21,14,375,174.07,delayed
S310,SKU3027,Central DC,2024-12-17,2024-12-28,11,424,186.79,delivered
S311,SKU8562,Central DC,2024-04-17,2024-04-21,4,350,54.23,in_transit
S312,SKU9738,East DC,2024-10-05,2024-10-09,4,235,14.89,delivered
S313,SKU4787,East DC,2024-10-16,2024-10-30,14,93,33.13,delivered
S314,SKU9344,South DC,2024-02-22,2024-03-07,14,314,38.56,delivered
S315,SKU8562,South DC,2024-05-10,2024-05-13,3,193,93.5,delayed
S316,SKU1441,East DC,2024-04-03,2024-04-12,9,27,172.65,delivered
S317,SKU9648,West DC,2024-10-08,2024-10-13,5,463,131.19,delivered
S318,SKU9349,East DC,2024-09-06,2024-09-20,14,148,115.88,delivered
S319,SKU1141,South DC,2024-04-26,2024-05-07,11,471,118.69,delivered
S320,SKU9875,South DC,2024-07-07,2024-07-20,13,269,132.78,delivered
S321,SKU2724,East DC,2024-12-14,2024-12-19,5,13,177.39,delayed
S322,SKU9875,South DC,2024-07-06,2024-07-15,9,250,78.41,delayed
S323,SKU5092,West DC,2024-07-04,2024-07-16,12,372,56.22,delivered
S324,SKU9648,East DC,2024-05-29,2024-06-01,3,485,66.85,delivered
S325,SKU9738,West DC,2024-08-24,2024-09-07,14,15,8.93,in_transit
S326,SKU6442,South DC,2024-08-04,2024-08-15,11,69,128.1,delivered
S327,SKU2279,South DC,2024-03-23,2024-03-27,4,213,168.79,delivered
S328,SKU7979,South DC,2024-11-23,2024-11-25,2,349,76.84,delivered
S329,SKU5873,South DC,2024-06-22,2024-07-03,11,366,144.26,delayed
S330,SKU8036,Central DC,2024-01-05,2024-01-12,7,31,137.51,delayed
S331,SKU7643,East DC,2024-01-05,2024-01-07,2,267,35.28,delayed
S332,SKU5528,South DC,2024-10-25,2024-11-01,7,39,114.89,in_transit
S333,SKU9875,East DC,2024-09-26,2024-10-06,10,453,16.24,delayed
S334,SKU8562,Central DC,2024-04-26,2024-05-05,9,369,38.05,delivered
S335,SKU5847,East DC,2024-06-12,2024-06-14,2,170,174.66,in_transit
S336,SKU7087,East DC,2024-08-23,2024-08-27,4,153,155.94,delivered
S337,SKU3027,South DC,2024-07-14,2024-07-19,5,28,181.75,in_transit
S338,SKU3302,West DC,2024-02-24,2024-02-28,4,303,18.82,delayed
S339,SKU1141,East DC,2024-12-19,2024-12-28,9,469,72.03,delivered
S340,SKU3280,East DC,2024-12-18,2024-12-24,6,163,13.95,delivered
S341,SKU3302,Central DC,2024-05-04,2024-05-12,8,292,82.6,delivered
S342,SKU3027,Central DC,2024-08-09,2024-08-12,3,353,69.78,delivered
S343,SKU9344,East DC,2024-12-28,2025-01-07,10,484,150.31,delivered
S344,SKU2110,East DC,2024-01-09,2024-01-19,10,357,19.17,delivered
S345,SKU9344,East DC,2024-04-14,2024-04-19,5,61,171.6,delayed
S346,SKU9349,South DC,2024-02-25,2024-02-29,4,303,70.0,delivered
S347,SKU7346,East DC,2024-02-07,2024-02-17,10,458,49.52,in_transit
S348,SKU1441,South DC,2024-11-19,2024-11-29,10,326,150.29,delivered
S349,SKU2668,Central DC,2024-04-20,2024-04-25,5,309,22.96,delayed
S350,SKU3368,West DC,2024-03-10,2024-03-17,7,161,98.66,delivered
S351,SKU9875,East DC,2024-01-16,2024-01-19,3,15,26.86,delayed
S352,SKU5826,South DC,2024-07-22,2024-07-25,3,112,131.79,in_transit
S353,SKU7642,West DC,2024-01-04,2024-01-18,14,172,168.43,in_transit
S354,SKU5910,South DC,2024-08-12,2024-08-21,9,282,169.89,delayed
S355,SKU9565,East DC,2024-04-15,2024-04-21,6,316,133.54,delivered
S356,SKU2724,East DC,2024-04-25,2024-05-06,11,73,134.58,delayed
S357,SKU9875,West DC,2024-12-29,2025-01-06,8,317,106.31,in_transit
S358,SKU1009,West DC,2024-06-25,2024-07-06,11,334,88.26,delivered
S359,SKU5092,East DC,2024-08-28,2024-08-31,3,456,164.8,delayed
S360,SKU6835,South DC,2024-08-02,2024-08-13,11,283,154.86,delivered
S361,SKU4154,Central DC,2024-09-09,2024-09-17,8,88,54.93,delayed
S362,SKU9738,East DC,2024-01-18,2024-01-21,3,470,74.16,delivered
S363,SKU1313,South DC,2024-08-25,2024-08-31,6,137,54.16,delivered
S364,SKU7592,West DC,2024-02-09,2024-02-13,4,172,85.46,delivered
S365,SKU3280,East DC,2024-02-04,2024-02-10,6,273,26.73,in_transit
S366,SKU1070,West DC,2024-04-12,2024-04-15,3,493,90.5,delivered
S367,SKU5873,West DC,2024-04-13,2024-04-15,2,73,180.56,in_transit
S368,SKU5528,South DC,2024-05-23,2024-05-31,8,467,180.91,delivered
S369,SKU6835,South DC,2024-02-09,2024-02-23,14,375,189.11,delivered
S370,SKU3368,West DC,2024-05-03,2024-05-15,12,224,80.45,delayed
S371,SKU1070,West DC,2024-09-04,2024-09-17,13,329,26.02,delayed
S372,SKU4373,Central DC,2024-05-27,2024-06-02,6,365,146.29,delivered
S373,SKU3368,East DC,2024-03-30,2024-04-13,14,407,46.62,delivered
S374,SKU4787,West DC,2024-08-28,2024-08-29,1,361,147.54,delivered
S375,SKU2110,South DC,2024-07-09,2024-07-13,4,470,143.97,delivered
S376,SKU3302,East DC,2024-11-18,2024-11-24,6,106,191.89,delivered
S377,SKU4373,South DC,2024-09-24,2024-10-05,11,44,170.1,delivered
S378,SKU4787,East DC,2024-08-20,2024-08-31,11,368,21.45,delayed
S379,SKU2724,South DC,2024-03-05,2024-03-12,7,109,73.76,delivered
S380,SKU3302,South DC,2024-12-07,2024-12-12,5,247,121.05,in_transit
S381,SKU5826,Central DC,2024-02-03,2024-02-10,7,300,27.94,in_transit
S382,SKU4417,East DC,2024-03-14,2024-03-22,8,243,119.57,delivered
S383,SKU8036,Central DC,2024-04-20,2024-04-23,3,363,158.85,delivered
S384,SKU2110,East DC,2024-09-06,2024-09-20,14,109,55.91,delivered
S385,SKU5910,South DC,2024-04-18,2024-05-02,14,388,17.08,delayed
S386,SKU7592,Central DC,2024-11-14,2024-11-26,12,124,144.03,in_transit
S387,SKU6006,West DC,2024-04-09,2024-04-21,12,414,58.72,in_transit
S388,SKU3173,East DC,2024-08-03,2024-08-04,1,209,115.09,in_transit
S389,SKU1703,Central DC,2024-09-01,2024-09-04,3,359,128.57,in_transit
S390,SKU1703,South DC,2024-11-25,2024-12-09,14,430,188.5,delivered
S391,SKU4373,East DC,2024-08-21,2024-08-22,1,417,175.63,delayed
S392,SKU1141,West DC,2024-03-18,2024-04-01,14,105,195.65,delivered
S393,SKU6006,East DC,2024-09-02,2024-09-08,6,359,20.59,delayed
S394,SKU1411,South DC,2024-05-02,2024-05-15,13,121,56.73,delivered
S395,SKU2668,Central DC,2024-11-02,2024-11-13,11,201,144.73,in_transit
S396,SKU9344,South DC,2024-05-18,2024-05-21,3,367,97.08,delivered
S397,SKU1009,South DC,2024-12-28,2025-01-08,11,151,124.89,delivered
S398,SKU9875,South DC,2024-08-15,2024-08-26,11,105,78.85,delivered
S399,SKU2002,West DC,2024-06-26,2024-07-06,10,228,16.08,in_transit
S400,SKU9349,South DC,2024-08-01,2024-08-07,6,113,69.43,delivered
S401,SKU3173,East DC,2024-07-05,2024-07-17,12,76,139.88,delivered
S402,SKU1070,West DC,2024-02-21,2024-02-24,3,92,82.15,delivered
S403,SKU4944,South DC,2024-08-17,2024-08-23,6,104,195.19,delayed
S404,SKU6835,South DC,2024-08-23,2024-09-04,12,84,98.81,delivered
S405,SKU3302,South DC,2024-06-13,2024-06-15,2,115,79.57,delayed
S406,SKU4787,West DC,2024-04-04,2024-04-05,1,484,183.49,delivered
S407,SKU9875,South DC,2024-10-21,2024-10-25,4,285,11.79,delivered
S408,SKU6835,East DC,2024-02-10,2024-02-14,4,231,189.85,delivered
S409,SKU8562,South DC,2024-08-07,2024-08-14,7,59,120.01,delivered
S410,SKU6835,West DC,2024-02-07,2024-02-15,8,317,94.19,delivered
S411,SKU2279,West DC,2024-11-06,2024-11-12,6,357,100.08,delivered
S412,SKU7880,Central DC,2024-03-29,2024-04-07,9,327,169.6,in_transit
S413,SKU8562,Central DC,2024-12-24,2025-01-06,13,215,109.38,delivered
S414,SKU4944,East DC,2024-06-22,2024-06-23,1,286,180.0,delayed
S415,SKU2724,South DC,2024-04-14,2024-04-18,4,317,9.48,in_transit
S416,SKU8562,East DC,2024-09-20,2024-09-23,3,19,53.23,delayed
S417,SKU3525,South DC,2024-05-17,2024-05-24,7,260,152.25,in_transit
S418,SKU7643,East DC,2024-09-12,2024-09-19,7,306,104.43,delivered
S419,SKU1441,South DC,2024-09-25,2024-10-09,14,342,183.06,delayed
S420,SKU6006,South DC,2024-05-12,2024-05-16,4,407,125.78,in_transit
S421,SKU1441,South DC,2024-06-30,2024-07-11,11,286,52.81,delivered
S422,SKU4359,East DC,2024-09-25,2024-10-02,7,174,110.36,delivered
S423,SKU6006,South DC,2024-04-23,2024-04-29,6,398,17.91,delivered
S424,SKU7087,East DC,2024-11-21,2024-11-22,1,38,31.37,delayed
S425,SKU9349,Central DC,2024-12-31,2025-01-13,13,89,78.19,delivered
S426,SKU7979,Central DC,2024-12-01,2024-12-13,12,257,173.6,in_transit
S427,SKU3027,Central DC,2024-01-23,2024-01-27,4,347,153.27,delivered
S428,SKU7346,Central DC,2024-12-25,2025-01-04,10,100,74.58,delivered
S429,SKU9344,Central DC,2024-09-22,2024-10-01,9,419,67.87,delivered
S430,SKU7880,Central DC,2024-04-22,2024-05-06,14,293,25.35,delayed
S431,SKU9648,East DC,2024-08-03,2024-08-15,12,115,8.96,delivered
S432,SKU8562,West DC,2024-05-25,2024-06-07,13,432,68.62,delivered
S433,SKU3302,East DC,2024-04-16,2024-04-25,9,11,78.13,delivered
S434,SKU3280,West DC,2024-12-31,2025-01-08,8,217,164.7,delivered
S435,SKU5847,South DC,2024-11-05,2024-11-14,9,260,101.98,delivered
S436,SKU7642,Central DC,2024-08-08,2024-08-22,14,310,135.93,delivered
S437,SKU9360,South DC,2024-08-19,2024-08-29,10,126,40.25,delivered
S438,SKU7979,West DC,2024-01-08,2024-01-11,3,229,160.81,delivered
S439,SKU4787,South DC,2024-06-03,2024-06-05,2,329,130.09,delivered
S440,SKU1411,West DC,2024-03-20,2024-03-26,6,447,104.97,delivered
S441,SKU3302,East DC,2024-08-05,2024-08-14,9,164,147.92,delivered
S442,SKU2279,East DC,2024-02-16,2024-02-20,4,98,57.61,delayed
S443,SKU6006,Central DC,2024-10-15,2024-10-22,7,230,199.4,delivered
S444,SKU8562,Central DC,2024-03-25,2024-04-01,7,384,103.66,delivered
S445,SKU5873,West DC,2024-10-09,2024-10-15,6,218,95.76,delayed
S446,SKU8562,Central DC,2024-03-03,2024-03-04,1,199,40.59,delivered
S447,SKU7087,West DC,2024-01-19,2024-02-01,13,441,61.07,in_transit
S448,SKU2668,East DC,2024-06-21,2024-06-29,8,360,157.16,delayed
S449,SKU4373,East DC,2024-08-10,2024-08-23,13,379,13.48,delivered
S450,SKU9349,South DC,2024-05-24,2024-05-31,7,491,23.02,delayed
S451,SKU1441,West DC,2024-04-24,2024-05-01,7,304,9.27,delayed
S452,SKU1703,West DC,2024-12-11,2024-12-18,7,236,120.58,delivered
S453,SKU1703,Central DC,2024-12-20,2024-12-29,9,141,66.96,delivered
S454,SKU3368,South DC,2024-09-18,2024-09-28,10,76,33.24,delayed
S455,SKU1009,West DC,2024-11-27,2024-12-07,10,431,166.39,delivered
S456,SKU3368,Central DC,2024-07-21,2024-07-25,4,68,95.49,delivered
S457,SKU2279,Central DC,2024-12-16,2024-12-29,13,121,166.96,in_transit
S458,SKU8036,South DC,2024-03-27,2024-03-29,2,387,120.72,delivered
S459,SKU2279,East DC,2024-07-19,2024-07-26,7,318,119.46,delivered
S460,SKU9349,West DC,2024-07-19,2024-07-26,7,274,101.39,delivered
S461,SKU9349,East DC,2024-09-29,2024-10-01,2,150,67.89,delivered
S462,SKU5847,Central DC,2024-12-12,2024-12-24,12,98,68.88,delayed
S463,SKU7643,West DC,2024-03-24,2024-04-05,12,3,87.35,in_transit
S464,SKU1141,West DC,2024-10-01,2024-10-11,10,402,144.75,delivered
S465,SKU7643,Central DC,2024-04-15,2024-04-20,5,295,49.53,delayed
S466,SKU3368,South DC,2024-06-15,2024-06-25,10,96,75.99,delivered
S467,SKU9344,South DC,2024-02-11,2024-02-15,4,282,112.05,delivered
S468,SKU2110,Central DC,2024-08-20,2024-08-25,5,82,113.02,delivered
S469,SKU7642,East DC,2024-11-28,2024-12-04,6,14,171.1,delayed
S470,SKU6006,East DC,2024-06-14,2024-06-20,6,304,53.72,delivered
S471,SKU5826,West DC,2024-12-06,2024-12-16,10,478,119.06,in_transit
S472,SKU2279,West DC,2024-04-06,2024-04-20,14,156,27.03,delayed
S473,SKU9738,South DC,2024-10-12,2024-10-18,6,283,45.65,delivered
S474,SKU3368,West DC,2024-10-16,2024-10-20,4,212,132.55,delivered
S475,SKU9360,South DC,2024-08-18,2024-08-24,6,101,50.12,delivered
S476,SKU5826,East DC,2024-01-07,2024-01-14,7,313,89.07,delayed
S477,SKU7346,South DC,2024-06-22,2024-07-04,12,48,112.99,delivered
S478,SKU6006,West DC,2024-03-31,2024-04-12,12,230,196.45,delivered
S479,SKU1441,East DC,2024-08-06,2024-08-13,7,461,185.72,delivered
S480,SKU3302,Central DC,2024-01-30,2024-02-04,5,371,54.08,delivered
S481,SKU9738,East DC,2024-01-07,2024-01-11,4,25,15.99,delivered
S482,SKU2110,Central DC,2024-02-05,2024-02-07,2,86,104.0,delivered
S483,SKU1141,East DC,2024-02-14,2024-02-23,9,476,116.63,delivered
S484,SKU3173,South DC,2024-03-12,2024-03-14,2,185,64.05,delayed
S485,SKU6835,East DC,2024-12-28,2025-01-04,7,184,76.82,in_transit
S486,SKU5528,Central DC,2024-05-27,2024-06-05,9,135,85.03,delivered
S487,SKU6442,South DC,2024-08-05,2024-08-18,13,24,163.34,delayed
S488,SKU1411,Central DC,2024-12-18,2024-12-20,2,498,119.65,delivered
S489,SKU9875,Central DC,2024-10-27,2024-11-10,14,223,83.82,delivered
S490,SKU3280,Central DC,2024-08-22,2024-08-25,3,427,119.87,delivered
S491,SKU3368,West DC,2024-12-07,2024-12-21,14,35,60.69,delayed
S492,SKU2279,South DC,2024-10-01,2024-10-10,9,424,178.81,delivered
S493,SKU5910,West DC,2024-09-09,2024-09-20,11,355,188.57,delivered
S494,SKU2724,Central DC,2024-03-15,2024-03-25,10,462,148.09,delayed
S495,SKU5847,West DC,2024-07-31,2024-08-13,13,1,132.81,delayed
S496,SKU7087,South DC,2024-06-13,2024-06-23,10,450,154.38,delivered
S497,SKU5092,West DC,2024-12-16,2024-12-28,12,344,92.74,delivered
S498,SKU5528,South DC,2024-12-20,2024-12-31,11,313,148.97,delivered
S499,SKU3302,Central DC,2024-07-06,2024-07-12,6,286,145.56,delayed
S500,SKU1313,South DC,2024-09-19,2024-09-21,2,362,56.84,delivered
S501,SKU9360,East DC,2024-11-30,2024-12-13,13,109,71.67,delivered
S502,SKU4787,South DC,2024-04-18,2024-04-27,9,489,174.64,delayed
S503,SKU1070,Central DC,2024-03-10,2024-03-13,3,376,156.93,delivered
S504,SKU9738,West DC,2024-01-07,2024-01-14,7,465,8.24,in_transit
S505,SKU4154,East DC,2024-05-14,2024-05-22,8,296,186.19,delivered
S506,SKU7592,West DC,2024-10-17,2024-10-19,2,372,49.63,delivered
S507,SKU9738,Central DC,2024-01-27,2024-02-03,7,61,147.38,in_transit
S508,SKU8432,West DC,2024-12-15,2024-12-27,12,176,91.34,delivered
S509,SKU2668,East DC,2024-05-28,2024-06-01,4,106,172.09,delivered
S510,SKU5873,West DC,2024-03-13,2024-03-25,12,282,111.88,delivered
S511,SKU2279,West DC,2024-08-07,2024-08-21,14,254,138.47,in_transit
S512,SKU4417,South DC,2024-09-03,2024-09-06,3,404,181.87,delayed
S513,SKU5092,East DC,2024-02-02,2024-02-05,3,408,69.67,in_transit
S514,SKU1313,East DC,2024-08-19,2024-08-29,10,324,74.17,in_transit
S515,SKU3027,West DC,2024-03-18,2024-03-30,12,397,23.56,delivered
S516,SKU9875,South DC,2024-06-14,2024-06-24,10,292,133.3,in_transit
S517,SKU6006,West DC,2024-04-30,2024-05-14,14,84,162.11,in_transit
S518,SKU1141,Central DC,2024-10-09,2024-10-13,4,173,112.35,delivered
S519,SKU3302,South DC,2024-10-05,2024-10-19,14,243,126.27,delivered
S520,SKU1313,Central DC,2024-03-07,2024-03-18,11,458,67.59,in_transit
S521,SKU2668,West DC,2024-10-27,2024-11-01,5,397,113.53,delivered
S522,SKU7592,West DC,2024-01-03,2024-01-17,14,119,134.51,delivered
S523,SKU3302,Central DC,2024-07-03,2024-07-05,2,164,44.09,delivered
S524,SKU5826,West DC,2024-07-17,2024-07-26,9,425,160.41,in_transit
S525,SKU7979,East DC,2024-04-17,2024-04-18,1,207,113.42,delivered
S526,SKU5873,Central DC,2024-02-20,2024-02-21,1,242,191.45,delivered
S527,SKU7880,South DC,2024-03-11,2024-03-23,12,66,101.37,delivered
S528,SKU7642,East DC,2024-09-30,2024-10-02,2,445,166.62,delayed
S529,SKU5910,Central DC,2024-08-25,2024-08-28,3,13,138.48,in_transit
S530,SKU6006,Central DC,2024-03-22,2024-04-04,13,124,28.44,delivered
S531,SKU1313,Central DC,2024-12-05,2024-12-17,12,42,94.9,delayed
S532,SKU7346,Central DC,2024-09-11,2024-09-19,8,292,8.2,delivered
S533,SKU2002,East DC,2024-05-05,2024-05-14,9,118,199.4,delayed
S534,SKU1441,West DC,2024-05-02,2024-05-14,12,457,38.64,delayed
S535,SKU5528,West DC,2024-05-18,2024-06-01,14,249,22.67,delivered
S536,SKU7642,West DC,2024-10-04,2024-10-07,3,267,76.21,delivered
S537,SKU3173,Central DC,2024-06-21,2024-06-26,5,16,89.3,delivered
S538,SKU9565,Central DC,2024-04-06,2024-04-11,5,109,106.18,delivered
S539,SKU9648,South DC,2024-12-01,2024-12-05,4,449,74.6,in_transit
S540,SKU8562,West DC,2024-04-22,2024-05-01,9,49,41.53,delivered
S541,SKU8432,West DC,2024-04-03,2024-04-12,9,385,137.43,delivered
S542,SKU2279,East DC,2024-05-31,2024-06-09,9,428,7.56,delivered
S543,SKU6442,South DC,2024-02-26,2024-03-10,13,386,56.72,in_transit
S544,SKU1070,East DC,2024-08-13,2024-08-27,14,486,143.69,in_transit
S545,SKU3525,South DC,2024-04-11,2024-04-20,9,28,87.99,delivered
S546,SKU4787,Central DC,2024-03-01,2024-03-05,4,155,24.33,delivered
S547,SKU3525,East DC,2024-07-28,2024-08-04,7,23,189.2,in_transit
S548,SKU5826,South DC,2024-05-10,2024-05-19,9,488,114.64,delivered
S549,SKU7643,South DC,2024-09-10,2024-09-19,9,230,197.95,in_transit
S550,SKU1313,Central DC,2024-09-05,2024-09-08,3,30,47.66,delivered
S551,SKU2668,Central DC,2024-01-02,2024-01-08,6,406,88.35,delivered
S552,SKU9738,East DC,2024-04-02,2024-04-12,10,417,6.88,delayed
S553,SKU7643,South DC,2024-11-19,2024-12-01,12,101,152.53,in_transit
S554,SKU3302,West DC,2024-05-04,2024-05-15,11,256,178.41,in_transit
S555,SKU6442,West DC,2024-08-04,2024-08-18,14,359,108.08,delivered
S556,SKU5092,South DC,2024-07-13,2024-07-25,12,315,82.06,delivered
S557,SKU2724,West DC,2024-08-07,2024-08-09,2,345,95.31,delivered
S558,SKU9360,West DC,2024-08-24,2024-09-07,14,212,84.17,delivered
S559,SKU2279,West DC,2024-12-02,2024-12-11,9,5,84.6,delivered
S560,SKU1313,Central DC,2024-09-12,2024-09-23,11,379,20.89,delivered
S561,SKU5873,East DC,2024-10-19,2024-10-31,12,211,83.87,delivered
S562,SKU1441,South DC,2024-10-26,2024-11-03,8,156,88.45,delivered
S563,SKU7880,Central DC,2024-09-23,2024-10-01,8,461,129.03,delivered
S564,SKU2724,East DC,2024-08-19,2024-09-02,14,86,121.2,in_transit
S565,SKU4944,Central DC,2024-07-14,2024-07-19,5,237,149.03,delivered
S566,SKU1411,Central DC,2024-11-04,2024-11-10,6,306,191.19,delivered
S567,SKU3280,Central DC,2024-06-11,2024-06-20,9,221,20.33,delayed
S568,SKU3302,East DC,2024-09-08,2024-09-22,14,26,180.92,in_transit
S569,SKU3173,South DC,2024-11-04,2024-11-12,8,21,89.6,delayed
S570,SKU9738,South DC,2024-01-03,2024-01-13,10,489,84.88,delayed
S571,SKU3173,East DC,2024-06-26,2024-06-29,3,333,99.55,delivered
S572,SKU5826,West DC,2024-12-15,2024-12-24,9,146,66.0,delivered
S573,SKU7643,East DC,2024-11-07,2024-11-13,6,205,11.38,delayed
S574,SKU3302,East DC,2024-04-25,2024-05-05,10,218,106.84,delivered
S575,SKU4417,Central DC,2024-05-05,2024-05-07,2,266,181.78,delivered
S576,SKU3173,East DC,2024-11-20,2024-11-25,5,337,30.73,delayed
S577,SKU9349,East DC,2024-05-17,2024-05-21,4,11,181.46,delayed
S578,SKU7979,South DC,2024-04-23,2024-04-25,2,154,30.81,delivered
S579,SKU3280,South DC,2024-10-22,2024-10-31,9,125,76.2,in_transit
S580,SKU4787,Central DC,2024-06-17,2024-06-26,9,269,126.93,in_transit
S581,SKU3525,East DC,2024-01-21,2024-01-25,4,34,32.27,delivered
S582,SKU6006,South DC,2024-08-15,2024-08-24,9,322,109.09,delivered
S583,SKU5910,East DC,2024-03-06,2024-03-17,11,5,115.29,delivered
S584,SKU4417,Central DC,2024-02-16,2024-02-18,2,100,12.26,in_transit
S585,SKU3027,Central DC,2024-10-13,2024-10-16,3,183,145.8,in_transit
S586,SKU3280,West DC,2024-12-23,2024-12-26,3,372,141.25,delayed
S587,SKU4417,West DC,2024-11-28,2024-12-01,3,87,96.4,in_transit
S588,SKU9738,South DC,2024-02-17,2024-02-29,12,342,151.12,delayed
S589,SKU7880,South DC,2024-09-05,2024-09-19,14,338,139.14,in_transit
S590,SKU3368,West DC,2024-03-01,2024-03-09,8,237,80.58,delivered
S591,SKU1313,South DC,2024-03-01,2024-03-08,7,300,155.87,delivered
S592,SKU1441,East DC,2024-03-30,2024-04-01,2,316,28.62,delayed
S593,SKU7592,South DC,2024-11-30,2024-12-01,1,199,152.89,delivered
S594,SKU3368,West DC,2024-07-22,2024-07-31,9,428,181.65,delivered
S595,SKU4787,East DC,2024-12-12,2024-12-17,5,179,102.1,in_transit
S596,SKU4154,West DC,2024-07-22,2024-08-02,11,435,134.66,delivered
S597,SKU9344,South DC,2024-09-19,2024-09-25,6,19,27.48,delivered
S598,SKU1141,South DC,2024-07-12,2024-07-22,10,47,130.67,delivered
S599,SKU9349,East DC,2024-02-24,2024-03-09,14,45,34.98,delivered
S600,SKU7592,Central DC,2024-06-20,2024-07-04,14,463,6.56,in_transit
S601,SKU7087,East DC,2024-12-01,2024-12-14,13,399,79.28,in_transit
S602,SKU9875,West DC,2024-10-26,2024-11-01,6,338,47.69,in_transit
S603,SKU5847,West DC,2024-10-18,2024-10-27,9,428,174.28,delayed
S604,SKU7643,West DC,2024-11-06,2024-11-08,2,320,75.07,delivered
S605,SKU2002,South DC,2024-09-01,2024-09-03,2,323,136.16,delivered
S606,SKU7346,South DC,2024-02-07,2024-02-14,7,397,132.16,delivered
S607,SKU5826,Central DC,2024-05-20,2024-05-27,7,295,32.84,delayed
S608,SKU9875,East DC,2024-09-24,2024-10-05,11,370,137.77,delivered
S609,SKU8036,South DC,2024-07-02,2024-07-08,6,18,50.62,delivered
S610,SKU5847,West DC,2024-02-23,2024-03-06,12,284,20.25,delivered
S611,SKU9349,West DC,2024-05-15,2024-05-25,10,62,23.14,in_transit
S612,SKU5092,Central DC,2024-12-16,2024-12-25,9,360,164.32,delayed
S613,SKU1441,East DC,2024-08-11,2024-08-24,13,233,59.6,in_transit
S614,SKU2668,South DC,2024-10-15,2024-10-25,10,485,193.74,in_transit
S615,SKU6006,East DC,2024-09-26,2024-09-29,3,107,98.99,delivered
S616,SKU5873,Central DC,2024-06-04,2024-06-14,10,305,142.24,in_transit
S617,SKU9565,Central DC,2024-06-10,2024-06-22,12,40,19.12,delivered
S618,SKU4359,South DC,2024-03-26,2024-04-08,13,321,59.8,delivered
S619,SKU4787,Central DC,2024-02-29,2024-03-09,9,284,167.42,delivered
S620,SKU7642,West DC,2024-01-11,2024-01-23,12,433,172.43,delayed
S621,SKU2279,West DC,2024-06-01,2024-06-04,3,461,183.33,delivered
S622,SKU1411,West DC,2024-10-13,2024-10-27,14,117,129.32,delivered
S623,SKU2668,West DC,2024-06-21,2024-06-27,6,362,79.71,delivered
S624,SKU7643,West DC,2024-09-18,2024-09-23,5,114,66.69,delivered
S625,SKU2724,South DC,2024-11-20,2024-11-24,4,98,175.47,delivered
S626,SKU3368,Central DC,2024-09-13,2024-09-27,14,462,53.03,delayed
S627,SKU1313,Central DC,2024-11-10,2024-11-20,10,210,128.91,in_transit
S628,SKU7880,East DC,2024-04-23,2024-04-25,2,394,142.38,delivered
S629,SKU2279,East DC,2024-02-05,2024-02-18,13,419,49.68,delivered
S630,SKU5910,East DC,2024-11-24,2024-12-06,12,219,16.12,in_transit
S631,SKU7880,West DC,2024-11-19,2024-11-29,10,297,130.72,in_transit
S632,SKU1441,Central DC,2024-04-11,2024-04-15,4,199,105.07,in_transit
S633,SKU9349,South DC,2024-02-16,2024-02-28,12,10,125.52,delayed
S634,SKU6442,South DC,2024-07-02,2024-07-12,10,408,125.29,delivered
S635,SKU3302,East DC,2024-01-04,2024-01-11,7,474,124.11,delivered
S636,SKU7643,East DC,2024-05-17,2024-05-19,2,390,90.36,delivered
S637,SKU4373,Central DC,2024-05-10,2024-05-11,1,352,178.55,delayed
S638,SKU4417,South DC,2024-09-15,2024-09-27,12,320,64.58,in_transit
S639,SKU2279,West DC,2024-04-03,2024-04-16,13,40,113.14,delivered
S640,SKU7346,East DC,2024-10-17,2024-10-31,14,250,194.87,delayed
S641,SKU3302,East DC,2024-03-07,2024-03-13,6,88,9.74,in_transit
S642,SKU4154,Central DC,2024-01-01,2024-01-09,8,372,169.01,delivered
S643,SKU6835,South DC,2024-05-24,2024-06-02,9,14,107.99,delayed
S644,SKU2724,East DC,2024-04-10,2024-04-14,4,317,130.93,delivered
S645,SKU6006,West DC,2024-01-08,2024-01-14,6,80,22.47,delivered
S646,SKU4154,Central DC,2024-10-06,2024-10-19,13,416,81.82,delivered
S647,SKU4359,West DC,2024-02-14,2024-02-23,9,330,19.79,delivered
S648,SKU1313,South DC,2024-10-29,2024-10-31,2,252,82.35,in_transit
S649,SKU4154,West DC,2024-08-26,2024-09-09,14,51,151.36,delivered
S650,SKU5847,South DC,2024-09-26,2024-09-28,2,65,152.1,delayed
S651,SKU2279,Central DC,2024-04-08,2024-04-18,10,324,16.08,delivered
S652,SKU4359,East DC,2024-04-11,2024-04-14,3,495,170.41,delayed
S653,SKU9565,Central DC,2024-08-05,2024-08-06,1,116,112.05,delayed
S654,SKU4154,South DC,2024-10-01,2024-10-06,5,162,184.22,delivered
S655,SKU1411,Central DC,2024-08-16,2024-08-29,13,294,91.15,in_transit
S656,SKU4417,South DC,2024-08-18,2024-08-20,2,468,154.14,delivered
S657,SKU4417,East DC,2024-09-04,2024-09-09,5,49,58.56,delivered
S658,SKU3027,West DC,2024-01-23,2024-01-27,4,419,138.72,delivered
S659,SKU6006,West DC,2024-06-04,2024-06-14,10,337,87.23,delivered
S660,SKU8036,East DC,2024-08-02,2024-08-10,8,404,155.85,delivered
S661,SKU2668,West DC,2024-01-23,2024-01-24,1,284,72.3,in_transit
S662,SKU7346,West DC,2024-01-10,2024-01-20,10,307,95.28,delivered
S663,SKU1441,West DC,2024-12-10,2024-12-18,8,61,136.01,delayed
S664,SKU6442,East DC,2024-12-24,2024-12-30,6,301,110.29,delayed
S665,SKU3027,East DC,2024-08-06,2024-08-12,6,118,81.1,delayed
S666,SKU1441,East DC,2024-04-02,2024-04-03,1,34,155.08,delivered
S667,SKU2002,West DC,2024-09-06,2024-09-15,9,265,172.1,in_transit
S668,SKU5910,South DC,2024-08-11,2024-08-12,1,312,135.8,delivered
S669,SKU3280,West DC,2024-04-16,2024-04-19,3,174,47.62,delivered
S670,SKU5092,West DC,2024-02-21,2024-02-29,8,317,173.28,delivered
S671,SKU1441,East DC,2024-02-15,2024-02-17,2,21,75.68,in_transit
S672,SKU2724,Central DC,2024-09-25,2024-09-29,4,58,57.12,delivered
S673,SKU1313,West DC,2024-10-11,2024-10-17,6,444,16.11,delivered
S674,SKU5528,East DC,2024-11-29,2024-12-02,3,477,138.51,delayed
S675,SKU4373,South DC,2024-04-04,2024-04-09,5,13,191.48,in_transit
S676,SKU4417,West DC,2024-12-06,2024-12-08,2,97,100.14,delivered
S677,SKU5873,West DC,2024-01-25,2024-02-08,14,274,118.34,delivered
S678,SKU3368,East DC,2024-10-01,2024-10-14,13,138,98.6,delivered
S679,SKU3027,East DC,2024-12-30,2025-01-02,3,342,191.44,in_transit
S680,SKU8432,East DC,2024-10-30,2024-11-01,2,247,122.27,delivered
S681,SKU7979,Central DC,2024-01-21,2024-02-03,13,305,41.58,delivered
S682,SKU3525,Central DC,2024-12-13,2024-12-19,6,12,102.06,delivered
S683,SKU7642,Central DC,2024-03-29,2024-04-02,4,417,164.42,delayed
S684,SKU2668,East DC,2024-01-10,2024-01-17,7,462,61.66,delivered
S685,SKU4944,Central DC,2024-05-11,2024-05-17,6,165,61.41,delayed
S686,SKU6835,West DC,2024-12-22,2024-12-30,8,318,107.4,in_transit
S687,SKU3173,West DC,2024-06-17,2024-06-24,7,370,173.84,in_transit
S688,SKU4787,Central DC,2024-08-21,2024-09-01,11,163,173.33,delivered
S689,SKU1070,Central DC,2024-08-14,2024-08-15,1,243,173.53,in_transit
S690,SKU6442,South DC,2024-08-22,2024-09-03,12,428,52.3,delayed
S691,SKU9360,West DC,2024-07-28,2024-08-11,14,373,70.34,delivered
S692,SKU7087,Central DC,2024-04-23,2024-05-06,13,24,88.67,delivered
S693,SKU3173,South DC,2024-02-01,2024-02-05,4,193,114.29,delivered
S694,SKU2279,Central DC,2024-01-14,2024-01-22,8,337,5.82,delivered
S695,SKU2002,East DC,2024-01-13,2024-01-27,14,164,176.83,delivered
S696,SKU3368,Central DC,2024-08-15,2024-08-26,11,8,125.16,delivered
S697,SKU1411,West DC,2024-01-12,2024-01-15,3,112,68.94,in_transit
S698,SKU1411,East DC,2024-09-19,2024-09-28,9,460,188.7,delivered
S699,SKU2668,East DC,2024-02-09,2024-02-12,3,49,92.81,delivered
S700,SKU9875,South DC,2024-10-05,2024-10-09,4,62,164.86,delayed
S701,SKU1441,South DC,2024-12-03,2024-12-09,6,136,94.97,delivered
S702,SKU4373,East DC,2024-10-21,2024-10-29,8,18,123.77,in_transit
S703,SKU2668,East DC,2024-12-17,2024-12-29,12,266,45.36,delayed
S704,SKU2724,East DC,2024-04-17,2024-04-22,5,339,182.77,in_transit
S705,SKU7880,West DC,2024-10-26,2024-10-29,3,115,42.63,in_transit
S706,SKU7643,East DC,2024-01-25,2024-01-28,3,396,130.24,delivered
S707,SKU1141,East DC,2024-10-16,2024-10-22,6,20,128.82,delayed
S708,SKU1703,South DC,2024-11-19,2024-11-25,6,104,43.1,delayed
S709,SKU7642,West DC,2024-03-30,2024-03-31,1,356,62.29,delivered
S710,SKU5092,Central DC,2024-08-09,2024-08-15,6,259,149.09,delayed
S711,SKU7592,Central DC,2024-02-29,2024-03-14,14,432,142.57,delivered
S712,SKU1313,East DC,2024-08-22,2024-09-04,13,428,41.88,in_transit
S713,SKU3368,South DC,2024-03-13,2024-03-26,13,206,160.43,delivered
S714,SKU9349,West DC,2024-07-16,2024-07-22,6,199,48.17,delivered
S715,SKU9344,South DC,2024-06-26,2024-07-09,13,438,170.13,delivered
S716,SKU4373,West DC,2024-07-02,2024-07-04,2,214,178.46,delayed
S717,SKU5847,East DC,2024-07-21,2024-07-22,1,132,112.91,delivered
S718,SKU8036,East DC,2024-09-19,2024-09-25,6,150,135.58,delivered
S719,SKU2279,East DC,2024-08-11,2024-08-15,4,428,58.89,delivered
S720,SKU4417,Central DC,2024-11-09,2024-11-14,5,174,78.25,in_transit
S721,SKU2279,West DC,2024-08-03,2024-08-08,5,1,80.7,delivered
S722,SKU9875,Central DC,2024-06-20,2024-06-22,2,449,181.86,in_transit
S723,SKU5847,West DC,2024-04-01,2024-04-07,6,7,13.7,delivered
S724,SKU4787,East DC,2024-11-21,2024-11-23,2,317,125.32,in_transit
S725,SKU5826,South DC,2024-11-20,2024-11-22,2,346,60.81,delivered
S726,SKU3280,East DC,2024-11-25,2024-12-03,8,416,155.95,delayed
S727,SKU9344,South DC,2024-04-26,2024-05-09,13,441,24.78,delivered
S728,SKU1141,South DC,2024-09-05,2024-09-13,8,131,131.07,delivered
S729,SKU4417,Central DC,2024-04-27,2024-04-29,2,303,159.43,delivered
S730,SKU7880,South DC,2024-07-27,2024-08-10,14,228,107.01,delivered
S731,SKU1313,East DC,2024-08-19,2024-08-21,2,217,9.63,in_transit
S732,SKU1703,West DC,2024-08-29,2024-09-01,3,354,35.12,in_transit
S733,SKU9738,East DC,2024-02-29,2024-03-10,10,279,173.66,in_transit
S734,SKU9738,East DC,2024-11-07,2024-11-19,12,260,10.81,delivered
S735,SKU1703,South DC,2024-03-01,2024-03-14,13,424,11.46,delayed
S736,SKU1313,Central DC,2024-05-05,2024-05-11,6,244,99.27,delivered
S737,SKU7642,Central DC,2024-04-23,2024-04-25,2,93,159.49,in_transit
S738,SKU4373,South DC,2024-05-22,2024-05-28,6,335,91.24,delivered
S739,SKU4417,East DC,2024-10-01,2024-10-08,7,164,22.11,delivered
S740,SKU1703,East DC,2024-12-27,2025-01-04,8,243,183.46,delivered
S741,SKU3302,South DC,2024-01-28,2024-01-31,3,221,98.76,delivered
S742,SKU1009,East DC,2024-04-16,2024-04-30,14,119,179.08,delivered
S743,SKU4359,East DC,2024-12-04,2024-12-13,9,4,144.62,delivered
S744,SKU4359,South DC,2024-06-27,2024-07-04,7,236,54.04,delivered
S745,SKU2002,West DC,2024-06-30,2024-07-04,4,314,12.54,delivered
S746,SKU9349,West DC,2024-04-16,2024-04-22,6,149,35.76,in_transit
S747,SKU9648,West DC,2024-08-30,2024-09-03,4,353,104.72,delivered
S748,SKU9349,South DC,2024-09-09,2024-09-11,2,147,72.7,delayed
S749,SKU4417,South DC,2024-04-11,2024-04-17,6,433,6.14,delivered
S750,SKU9648,West DC,2024-06-29,2024-07-06,7,19,26.33,delivered
S751,SKU8432,West DC,2024-11-27,2024-12-05,8,3,92.1,delayed
S752,SKU4373,East DC,2024-09-25,2024-10-05,10,299,58.92,delayed
S753,SKU4944,West DC,2024-02-10,2024-02-14,4,176,131.88,delivered
S754,SKU2110,West DC,2024-08-24,2024-08-25,1,94,35.62,delivered
S755,SKU3368,West DC,2024-07-23,2024-08-06,14,390,32.07,in_transit
S756,SKU3525,East DC,2024-07-11,2024-07-18,7,235,59.56,delayed
S757,SKU7642,Central DC,2024-07-09,2024-07-11,2,280,82.64,in_transit
S758,SKU1141,East DC,2024-01-07,2024-01-18,11,96,12.67,delivered
S759,SKU1441,West DC,2024-11-05,2024-11-09,4,461,54.93,delivered
S760,SKU7880,West DC,2024-08-31,2024-09-12,12,265,185.42,delayed
S761,SKU1703,Central DC,2024-04-19,2024-04-23,4,368,8.47,delivered
S762,SKU2110,East DC,2024-11-18,2024-11-24,6,419,25.92,in_transit
S763,SKU5092,Central DC,2024-12-17,2024-12-22,5,23,152.97,delivered
S764,SKU3302,South DC,2024-06-24,2024-06-27,3,175,103.68,delayed
S765,SKU4787,South DC,2024-11-16,2024-11-30,14,23,136.48,in_transit
S766,SKU6442,Central DC,2024-03-23,2024-04-03,11,316,119.63,delivered
S767,SKU9344,Central DC,2024-09-27,2024-10-10,13,497,126.81,delivered
S768,SKU8562,South DC,2024-06-07,2024-06-13,6,435,110.9,delayed
S769,SKU9360,Central DC,2024-06-30,2024-07-02,2,455,113.54,delivered
S770,SKU4373,Central DC,2024-07-23,2024-07-30,7,327,126.54,delivered
S771,SKU3173,West DC,2024-01-11,2024-01-22,11,280,32.71,delivered
S772,SKU9360,Central DC,2024-11-21,2024-12-04,13,156,164.67,delivered
S773,SKU2002,Central DC,2024-03-09,2024-03-10,1,256,161.51,delayed
S774,SKU3525,West DC,2024-06-14,2024-06-18,4,169,193.51,delivered
S775,SKU4154,West DC,2024-01-03,2024-01-16,13,398,66.48,delivered
S776,SKU2724,Central DC,2024-07-26,2024-07-27,1,209,115.7,delivered
S777,SKU7642,Central DC,2024-05-02,2024-05-09,7,139,174.6,in_transit
S778,SKU4373,West DC,2024-04-20,2024-05-03,13,226,128.2,delivered
S779,SKU7643,South DC,2024-08-06,2024-08-09,3,265,70.17,delivered
S780,SKU1313,Central DC,2024-01-11,2024-01-12,1,278,23.76,delivered
S781,SKU5092,East DC,2024-09-15,2024-09-24,9,167,7.26,delivered
S782,SKU3302,East DC,2024-08-08,2024-08-22,14,72,142.5,delayed
S783,SKU7087,West DC,2024-12-13,2024-12-26,13,123,83.72,delivered
S784,SKU1070,South DC,2024-11-14,2024-11-22,8,349,185.95,delivered
S785,SKU2279,East DC,2024-03-20,2024-03-30,10,336,71.77,delivered
S786,SKU2724,Central DC,2024-07-12,2024-07-13,1,295,123.68,delivered
S787,SKU1313,East DC,2024-10-22,2024-10-25,3,300,131.03,in_transit
S788,SKU2724,Central DC,2024-03-09,2024-03-16,7,224,168.66,delivered
S789,SKU7592,Central DC,2024-01-08,2024-01-10,2,59,110.63,delivered
S790,SKU2110,South DC,2024-04-29,2024-05-05,6,419,74.29,delivered
S791,SKU6006,East DC,2024-11-30,2024-12-11,11,43,117.5,delivered
S792,SKU7643,Central DC,2024-03-27,2024-04-01,5,29,99.34,delivered
S793,SKU6835,South DC,2024-05-14,2024-05-23,9,439,118.65,delivered
S794,SKU1411,South DC,2024-02-22,2024-03-06,13,251,173.15,delivered
S795,SKU7643,South DC,2024-01-26,2024-01-29,3,439,170.25,delivered
S796,SKU1009,South DC,2024-05-29,2024-06-10,12,333,156.2,delayed
S797,SKU1009,Central DC,2024-10-05,2024-10-09,4,277,36.64,delayed
S798,SKU5092,East DC,2024-07-24,2024-08-02,9,29,185.97,in_transit
S799,SKU1313,Central DC,2024-08-18,2024-08-31,13,254,105.75,in_transit
S800,SKU5910,Central DC,2024-11-28,2024-12-06,8,220,103.28,delivered
S801,SKU7592,West DC,2024-09-12,2024-09-18,6,362,77.12,delivered
S802,SKU4944,Central DC,2024-03-13,2024-03-25,12,211,167.77,delayed
S803,SKU1070,South DC,2024-09-28,2024-10-09,11,408,153.93,delivered
S804,SKU8036,Central DC,2024-06-15,2024-06-29,14,348,59.97,in_transit
S805,SKU4944,West DC,2024-05-23,2024-05-31,8,146,91.55,delayed
S806,SKU9349,East DC,2024-08-17,2024-08-24,7,8,87.63,delayed
S807,SKU7592,West DC,2024-12-28,2025-01-04,7,295,154.09,in_transit
S808,SKU3302,East DC,2024-12-20,2024-12-26,6,420,175.23,delivered
S809,SKU3027,Central DC,2024-07-15,2024-07-21,6,144,169.7,delayed
S810,SKU6442,East DC,2024-07-22,2024-07-25,3,418,37.92,delivered
S811,SKU2668,East DC,2024-07-11,2024-07-15,4,169,153.73,delivered
S812,SKU1141,East DC,2024-05-17,2024-05-29,12,420,70.07,delivered
S813,SKU2724,East DC,2024-05-08,2024-05-19,11,198,188.56,delivered
S814,SKU2002,West DC,2024-07-20,2024-08-02,13,161,128.86,delivered
S815,SKU7642,East DC,2024-01-16,2024-01-17,1,287,135.28,delivered
S816,SKU4359,South DC,2024-04-09,2024-04-14,5,422,35.2,delivered
S817,SKU5528,Central DC,2024-08-29,2024-09-05,7,269,61.13,delayed
S818,SKU9360,East DC,2024-09-22,2024-09-30,8,192,122.42,delivered
S819,SKU5847,West DC,2024-12-16,2024-12-27,11,311,187.43,in_transit
S820,SKU5826,West DC,2024-01-21,2024-02-03,13,171,162.83,delivered
S821,SKU3302,Central DC,2024-12-25,2025-01-08,14,243,30.99,delayed
S822,SKU9360,South DC,2024-06-02,2024-06-11,9,441,129.67,in_transit
S823,SKU3368,East DC,2024-06-13,2024-06-23,10,9,123.39,delivered
S824,SKU7880,South DC,2024-06-05,2024-06-10,5,426,26.0,in_transit
S825,SKU9344,South DC,2024-03-22,2024-03-31,9,30,61.56,delivered
S826,SKU6006,West DC,2024-03-20,2024-03-24,4,449,103.57,in_transit
S827,SKU3173,East DC,2024-07-20,2024-07-22,2,204,139.72,delivered
S828,SKU9344,West DC,2024-08-31,2024-09-14,14,185,160.22,delayed
S829,SKU5873,West DC,2024-12-28,2025-01-08,11,164,195.7,delivered
S830,SKU5910,East DC,2024-04-14,2024-04-23,9,397,9.83,delayed
S831,SKU2279,East DC,2024-09-27,2024-10-04,7,489,21.21,delivered
S832,SKU5910,West DC,2024-06-24,2024-07-03,9,128,104.68,in_transit
S833,SKU1070,West DC,2024-08-31,2024-09-02,2,465,185.59,delivered
S834,SKU5826,West DC,2024-09-11,2024-09-23,12,407,138.5,delayed
S835,SKU1703,West DC,2024-12-31,2025-01-06,6,315,107.7,delayed
S836,SKU6006,West DC,2024-09-16,2024-09-30,14,206,9.8,delivered
S837,SKU3368,Central DC,2024-12-05,2024-12-19,14,433,176.34,delivered
S838,SKU8036,West DC,2024-07-07,2024-07-21,14,258,59.84,delivered
S839,SKU5092,West DC,2024-07-06,2024-07-19,13,172,46.24,delivered
S840,SKU9349,East DC,2024-08-10,2024-08-19,9,249,36.76,delayed
S841,SKU3173,Central DC,2024-08-10,2024-08-18,8,490,191.54,delivered
S842,SKU3027,South DC,2024-05-28,2024-06-04,7,301,126.6,delivered
S843,SKU5873,West DC,2024-02-14,2024-02-21,7,297,21.07,delayed
S844,SKU2724,West DC,2024-12-25,2025-01-02,8,312,31.6,delivered
S845,SKU9875,South DC,2024-09-30,2024-10-11,11,388,15.04,in_transit
S846,SKU3302,South DC,2024-09-15,2024-09-20,5,433,127.16,delivered
S847,SKU5092,Central DC,2024-07-05,2024-07-14,9,99,76.42,delivered
S848,SKU1141,Central DC,2024-07-02,2024-07-09,7,155,57.55,delayed
S849,SKU2110,South DC,2024-03-29,2024-04-12,14,425,135.64,delivered
S850,SKU7592,East DC,2024-10-24,2024-10-28,4,55,33.19,delayed
S851,SKU7642,East DC,2024-03-02,2024-03-13,11,464,158.11,delivered
S852,SKU7592,South DC,2024-07-06,2024-07-16,10,312,40.79,delivered
S853,SKU3280,East DC,2024-09-04,2024-09-06,2,40,41.96,in_transit
S854,SKU5847,South DC,2024-01-03,2024-01-14,11,466,153.97,delayed
S855,SKU1441,South DC,2024-03-28,2024-04-08,11,483,165.34,delivered
S856,SKU8036,West DC,2024-12-27,2025-01-04,8,141,183.96,delayed
S857,SKU4359,South DC,2024-03-14,2024-03-26,12,333,198.39,in_transit
S858,SKU3302,East DC,2024-03-05,2024-03-15,10,48,70.21,in_transit
S859,SKU9565,Central DC,2024-08-08,2024-08-14,6,262,164.75,delivered
S860,SKU7979,West DC,2024-01-18,2024-01-28,10,48,8.9,delivered
S861,SKU1441,Central DC,2024-08-14,2024-08-15,1,157,31.84,delivered
S862,SKU1070,East DC,2024-05-12,2024-05-23,11,193,114.41,delayed
S863,SKU2668,East DC,2024-02-14,2024-02-16,2,272,162.54,delivered
S864,SKU7087,West DC,2024-11-12,2024-11-18,6,495,25.43,delivered
S865,SKU8562,East DC,2024-09-10,2024-09-16,6,370,117.02,in_transit
S866,SKU4359,West DC,2024-04-16,2024-04-28,12,499,111.69,delayed
S867,SKU5528,West DC,2024-02-23,2024-03-04,10,175,100.83,delivered
S868,SKU7346,South DC,2024-09-22,2024-09-28,6,44,150.62,delivered
S869,SKU7346,South DC,2024-04-01,2024-04-15,14,481,178.1,delivered
S870,SKU7592,East DC,2024-03-07,2024-03-08,1,409,37.47,in_transit
S871,SKU4787,South DC,2024-05-11,2024-05-24,13,403,119.96,delivered
S872,SKU5847,East DC,2024-08-30,2024-09-07,8,344,49.62,delivered
S873,SKU2668,East DC,2024-08-21,2024-08-27,6,4,131.05,delivered
S874,SKU4787,South DC,2024-06-15,2024-06-21,6,173,164.13,delivered
S875,SKU9349,East DC,2024-08-20,2024-08-31,11,500,137.83,in_transit
S876,SKU1070,East DC,2024-02-12,2024-02-15,3,25,118.68,delivered
S877,SKU7087,West DC,2024-12-05,2024-12-12,7,497,115.49,delivered
S878,SKU5910,South DC,2024-03-22,2024-03-25,3,404,53.7,delivered
S879,SKU1313,Central DC,2024-05-26,2024-06-08,13,323,19.69,in_transit
S880,SKU2724,South DC,2024-02-03,2024-02-05,2,290,145.14,delayed
S881,SKU3280,East DC,2024-07-24,2024-07-26,2,190,58.37,delivered
S882,SKU9349,South DC,2024-03-23,2024-03-28,5,1,63.69,delivered
S883,SKU1070,East DC,2024-02-29,2024-03-06,6,294,160.95,delivered
S884,SKU1009,East DC,2024-09-16,2024-09-18,2,293,93.63,in_transit
S885,SKU1441,Central DC,2024-02-04,2024-02-16,12,85,173.98,delivered
S886,SKU4944,West DC,2024-07-15,2024-07-20,5,450,190.69,delivered
S887,SKU8562,South DC,2024-05-22,2024-05-31,9,411,111.05,delivered
S888,SKU3173,East DC,2024-06-28,2024-07-07,9,105,53.28,delivered
S889,SKU3027,Central DC,2024-01-11,2024-01-19,8,111,80.89,delivered
S890,SKU3525,Central DC,2024-05-25,2024-05-29,4,47,56.16,delivered
S891,SKU1703,Central DC,2024-03-13,2024-03-20,7,398,134.26,delayed
S892,SKU3368,East DC,2024-05-11,2024-05-19,8,209,95.35,delayed
S893,SKU4154,Central DC,2024-01-24,2024-01-27,3,29,45.3,delayed
S894,SKU4373,East DC,2024-04-13,2024-04-21,8,138,13.15,delivered
S895,SKU1703,West DC,2024-06-16,2024-06-25,9,272,63.65,in_transit
S896,SKU2002,Central DC,2024-10-17,2024-10-23,6,3,171.45,delivered
S897,SKU6442,Central DC,2024-05-12,2024-05-15,3,203,131.32,delivered
S898,SKU4154,South DC,2024-04-11,2024-04-15,4,437,85.31,delivered
S899,SKU5910,West DC,2024-05-08,2024-05-20,12,117,175.42,in_transit
S900,SKU7880,West DC,2024-03-04,2024-03-05,1,11,9.16,delivered
S901,SKU3368,Central DC,2024-02-26,2024-03-01,4,454,100.29,delivered
S902,SKU5528,West DC,2024-05-17,2024-05-19,2,219,59.01,delivered
S903,SKU4417,West DC,2024-01-14,2024-01-19,5,274,182.59,delivered
S904,SKU3525,West DC,2024-09-11,2024-09-16,5,301,114.94,delivered
S905,SKU1441,West DC,2024-08-02,2024-08-15,13,60,165.39,delivered
S906,SKU6442,East DC,2024-06-06,2024-06-14,8,9,77.61,in_transit
S907,SKU2002,West DC,2024-03-22,2024-03-23,1,156,63.53,in_transit
S908,SKU2724,West DC,2024-11-23,2024-12-03,10,114,78.02,in_transit
S909,SKU1441,West DC,2024-02-15,2024-02-25,10,81,115.83,delayed
S910,SKU1141,East DC,2024-05-23,2024-06-05,13,103,188.17,delivered
S911,SKU8036,East DC,2024-03-17,2024-03-24,7,348,90.94,delayed
S912,SKU1070,South DC,2024-02-27,2024-02-29,2,421,179.22,delivered
S913,SKU8036,West DC,2024-01-15,2024-01-19,4,134,84.72,delivered
S914,SKU5910,East DC,2024-02-14,2024-02-17,3,402,164.4,delivered
S915,SKU2110,South DC,2024-08-25,2024-09-08,14,320,190.75,delivered
S916,SKU1141,Central DC,2024-04-07,2024-04-18,11,237,133.05,delivered
S917,SKU9360,West DC,2024-05-16,2024-05-17,1,41,172.7,delivered
S918,SKU9344,West DC,2024-12-08,2024-12-18,10,101,15.74,in_transit
S919,SKU9349,West DC,2024-05-18,2024-05-29,11,28,121.03,delayed
S920,SKU8562,East DC,2024-12-10,2024-12-22,12,462,21.38,delivered
S921,SKU7979,East DC,2024-04-26,2024-05-10,14,223,45.56,delayed
S922,SKU7979,Central DC,2024-12-14,2024-12-24,10,331,87.28,delivered
S923,SKU2668,East DC,2024-03-14,2024-03-28,14,477,160.22,delivered
S924,SKU4154,South DC,2024-03-24,2024-03-28,4,211,183.11,delivered
S925,SKU1703,West DC,2024-06-09,2024-06-10,1,456,127.25,delivered
S926,SKU8432,East DC,2024-12-08,2024-12-17,9,473,139.44,in_transit
S927,SKU3027,South DC,2024-09-05,2024-09-11,6,398,181.13,delayed
S928,SKU2002,West DC,2024-05-30,2024-06-03,4,277,175.9,delivered
S929,SKU4787,East DC,2024-01-18,2024-01-26,8,216,149.16,delivered
S930,SKU7642,Central DC,2024-02-22,2024-03-03,10,470,159.15,delivered
S931,SKU6006,Central DC,2024-03-08,2024-03-17,9,334,170.7,delayed
S932,SKU1070,West DC,2024-03-08,2024-03-11,3,438,159.37,delivered
S933,SKU9565,East DC,2024-12-28,2025-01-06,9,372,89.86,delivered
S934,SKU1441,West DC,2024-07-15,2024-07-29,14,329,194.15,in_transit
S935,SKU9349,West DC,2024-01-10,2024-01-19,9,402,104.24,delayed
S936,SKU9565,Central DC,2024-08-09,2024-08-22,13,445,81.58,delayed
S937,SKU8432,Central DC,2024-08-24,2024-08-26,2,54,109.57,delivered
S938,SKU5847,East DC,2024-08-08,2024-08-11,3,184,110.45,delivered
S939,SKU8432,South DC,2024-08-22,2024-08-24,2,124,101.84,delayed
S940,SKU5092,Central DC,2024-07-05,2024-07-10,5,476,135.13,delivered
S941,SKU7880,Central DC,2024-05-25,2024-06-04,10,348,149.38,delayed
S942,SKU4154,West DC,2024-06-22,2024-07-04,12,137,98.52,delivered
S943,SKU8036,South DC,2024-11-24,2024-11-26,2,8,160.27,delivered
S944,SKU7880,South DC,2024-02-02,2024-02-06,4,111,49.07,delivered
S945,SKU5873,East DC,2024-02-08,2024-02-15,7,319,165.42,delivered
S946,SKU6006,East DC,2024-01-18,2024-01-31,13,493,36.68,in_transit
S947,SKU6442,Central DC,2024-10-23,2024-10-26,3,111,26.78,delivered
S948,SKU1141,Central DC,2024-01-03,2024-01-14,11,251,5.58,in_transit
S949,SKU9344,West DC,2024-12-18,2024-12-20,2,278,97.01,in_transit
S950,SKU4787,West DC,2024-12-02,2024-12-03,1,254,154.82,delivered
S951,SKU5910,Central DC,2024-10-11,2024-10-15,4,469,73.46,delivered
S952,SKU1070,South DC,2024-06-12,2024-06-21,9,55,71.49,delivered
S953,SKU1141,East DC,2024-07-23,2024-07-29,6,306,151.98,delivered
S954,SKU6442,South DC,2024-09-05,2024-09-13,8,19,155.2,in_transit
S955,SKU6006,Central DC,2024-07-27,2024-08-09,13,339,41.13,delivered
S956,SKU4787,Central DC,2024-07-28,2024-08-06,9,86,186.47,delivered
S957,SKU2724,South DC,2024-08-15,2024-08-23,8,52,46.04,delivered
S958,SKU1441,South DC,2024-03-27,2024-03-28,1,435,176.34,delivered
S959,SKU5847,Central DC,2024-12-14,2024-12-19,5,247,154.31,delivered
S960,SKU3280,West DC,2024-10-07,2024-10-21,14,29,112.36,delayed
S961,SKU4787,West DC,2024-08-11,2024-08-21,10,331,25.49,in_transit
S962,SKU9344,Central DC,2024-07-07,2024-07-14,7,349,24.39,delivered
S963,SKU1441,South DC,2024-12-19,2024-12-21,2,166,79.65,in_transit
S964,SKU9738,East DC,2024-01-03,2024-01-07,4,326,29.72,delivered
S965,SKU6006,South DC,2024-03-29,2024-04-10,12,476,6.96,delivered
S966,SKU2668,Central DC,2024-07-28,2024-08-08,11,166,38.41,delivered
S967,SKU1070,Central DC,2024-10-27,2024-10-28,1,330,43.04,delivered
S968,SKU8432,Central DC,2024-04-20,2024-04-27,7,191,94.58,delivered
S969,SKU2002,Central DC,2024-05-04,2024-05-16,12,190,32.31,delivered
S970,SKU1313,South DC,2024-06-15,2024-06-21,6,467,143.57,delivered
S971,SKU5826,Central DC,2024-04-26,2024-05-02,6,19,39.91,delayed
S972,SKU4154,East DC,2024-04-19,2024-04-21,2,204,196.12,delivered
S973,SKU4359,Central DC,2024-09-30,2024-10-09,9,117,126.03,in_transit
S974,SKU1141,West DC,2024-08-26,2024-08-27,1,487,146.87,in_transit
S975,SKU7642,Central DC,2024-12-25,2024-12-27,2,451,157.88,in_transit
S976,SKU7346,Central DC,2024-01-29,2024-01-30,1,99,161.27,delivered
S977,SKU2668,West DC,2024-10-05,2024-10-09,4,444,54.95,in_transit
S978,SKU4787,Central DC,2024-01-31,2024-02-11,11,212,92.57,delivered
S979,SKU6835,West DC,2024-04-09,2024-04-11,2,240,153.11,delivered
S980,SKU7087,West DC,2024-05-07,2024-05-13,6,81,175.0,delivered
S981,SKU3280,East DC,2024-03-25,2024-03-26,1,225,109.93,delivered
S982,SKU2110,South DC,2024-06-27,2024-07-04,7,125,46.17,delivered
S983,SKU7592,South DC,2024-04-30,2024-05-13,13,52,82.52,delivered
S984,SKU9349,West DC,2024-03-27,2024-03-30,3,125,141.73,delivered
S985,SKU8432,South DC,2024-05-22,2024-05-31,9,35,59.85,delivered
S986,SKU9349,Central DC,2024-09-26,2024-10-10,14,341,123.14,in_transit
S987,SKU1411,West DC,2024-09-10,2024-09-11,1,116,49.72,delivered
S988,SKU4787,South DC,2024-02-06,2024-02-15,9,132,9.89,in_transit
S989,SKU2002,South DC,2024-09-11,2024-09-12,1,246,80.28,in_transit
S990,SKU1703,Central DC,2024-04-11,2024-04-24,13,17,176.76,in_transit
S991,SKU5826,Central DC,2024-05-28,2024-06-08,11,181,108.13,in_transit
S992,SKU9349,Central DC,2024-04-06,2024-04-10,4,326,56.16,delivered
S993,SKU3368,West DC,2024-07-22,2024-07-27,5,219,178.69,delayed
S994,SKU5910,Central DC,2024-12-16,2024-12-30,14,34,145.02,in_transit
S995,SKU6442,West DC,2024-08-13,2024-08-22,9,444,92.54,delivered
S996,SKU4417,East DC,2024-01-24,2024-01-25,1,464,25.07,delivered
S997,SKU9875,Central DC,2024-01-17,2024-01-28,11,447,53.34,delivered
S998,SKU3525,East DC,2024-10-24,2024-11-07,14,110,187.75,delivered
S999,SKU6442,Central DC,2024-11-24,2024-12-05,11,423,73.98,delayed
S1000,SKU7979,West DC,2024-12-11,2024-12-14,3,174,127.63,delayed
S1001,SKU7346,West DC,2024-09-29,2024-10-05,6,330,30.47,delivered
S1002,SKU6442,West DC,2024-07-14,2024-07-21,7,310,33.53,delayed
S1003,SKU4154,West DC,2024-02-24,2024-02-28,4,135,195.32,delayed
S1004,SKU2279,South DC,2024-12-21,2024-12-28,7,336,60.92,delivered
S1005,SKU4154,South DC,2024-09-07,2024-09-08,1,439,135.48,in_transit
S1006,SKU3302,Central DC,2024-02-10,2024-02-13,3,209,51.73,delivered
S1007,SKU5092,Central DC,2024-04-09,2024-04-16,7,439,45.35,in_transit
S1008,SKU1141,West DC,2024-02-28,2024-03-11,12,243,40.39,delivered
S1009,SKU9349,West DC,2024-07-14,2024-07-24,10,344,197.78,in_transit
S1010,SKU6442,Central DC,2024-03-21,2024-03-28,7,363,39.54,in_transit
S1011,SKU1703,Central DC,2024-06-05,2024-06-18,13,159,47.5,delivered
S1012,SKU2668,South DC,2024-07-19,2024-07-20,1,70,18.25,delayed
S1013,SKU9738,West DC,2024-11-30,2024-12-03,3,67,165.25,delivered
S1014,SKU8432,South DC,2024-06-02,2024-06-10,8,311,19.15,delivered
S1015,SKU3027,Central DC,2024-03-03,2024-03-09,6,87,64.96,delivered
S1016,SKU6835,West DC,2024-01-18,2024-01-29,11,461,77.89,in_transit
S1017,SKU3368,Central DC,2024-05-06,2024-05-10,4,426,135.87,delayed
S1018,SKU2110,Central DC,2024-05-07,2024-05-11,4,286,112.08,delayed
S1019,SKU3368,Central DC,2024-06-28,2024-07-07,9,421,61.34,delayed
S1020,SKU4417,West DC,2024-04-22,2024-05-05,13,333,11.09,delayed
S1021,SKU6835,South DC,2024-07-11,2024-07-16,5,474,67.04,delivered
S1022,SKU5826,South DC,2024-07-30,2024-08-09,10,246,15.45,in_transit
S1023,SKU3525,South DC,2024-12-18,2024-12-25,7,159,102.92,delivered
S1024,SKU9565,East DC,2024-01-31,2024-02-12,12,205,14.68,delivered
S1025,SKU3027,East DC,2024-02-20,2024-03-03,12,205,178.83,delivered
S1026,SKU9360,Central DC,2024-11-04,2024-11-12,8,277,99.03,delayed
S1027,SKU3173,South DC,2024-01-22,2024-01-30,8,388,26.17,delayed
S1028,SKU1703,Central DC,2024-09-27,2024-09-29,2,346,53.83,in_transit
S1029,SKU1313,South DC,2024-07-31,2024-08-11,11,309,152.7,delivered
S1030,SKU4787,South DC,2024-12-12,2024-12-17,5,117,142.05,in_transit
S1031,SKU4417,Central DC,2024-11-02,2024-11-09,7,410,16.89,delivered
S1032,SKU5092,East DC,2024-01-14,2024-01-26,12,238,65.7,delayed
S1033,SKU3525,South DC,2024-06-14,2024-06-27,13,110,143.24,delayed
S1034,SKU3302,South DC,2024-11-16,2024-11-30,14,3,136.29,delivered
S1035,SKU3302,South DC,2024-03-06,2024-03-19,13,254,100.99,delivered
S1036,SKU7592,West DC,2024-08-15,2024-08-24,9,135,84.02,in_transit
S1037,SKU6442,South DC,2024-07-27,2024-08-06,10,450,118.38,delayed
S1038,SKU5847,West DC,2024-09-18,2024-09-24,6,459,105.65,delivered
S1039,SKU4373,Central DC,2024-10-31,2024-11-10,10,334,41.6,delayed
S1040,SKU5847,Central DC,2024-10-08,2024-10-19,11,287,135.39,delayed
S1041,SKU1070,West DC,2024-01-20,2024-01-26,6,489,7.11,delivered
S1042,SKU1141,West DC,2024-12-25,2024-12-28,3,192,122.98,delayed
S1043,SKU4154,East DC,2024-08-30,2024-09-11,12,186,70.72,delayed
S1044,SKU3525,Central DC,2024-11-28,2024-12-01,3,481,140.17,delivered
S1045,SKU7642,Central DC,2024-04-09,2024-04-13,4,274,173.28,in_transit
S1046,SKU7346,East DC,2024-06-23,2024-06-24,1,100,159.29,delivered
S1047,SKU9360,Central DC,2024-05-31,2024-06-02,2,122,32.76,delivered
S1048,SKU4944,East DC,2024-05-21,2024-06-04,14,222,104.59,in_transit
S1049,SKU3280,East DC,2024-06-05,2024-06-07,2,36,56.7,delivered
S1050,SKU3173,Central DC,2024-07-27,2024-07-28,1,5,26.32,delivered
S1051,SKU6835,East DC,2024-04-26,2024-05-07,11,395,73.68,delivered
S1052,SKU4154,East DC,2024-11-28,2024-12-03,5,179,195.96,in_transit
S1053,SKU5092,Central DC,2024-02-16,2024-02-20,4,487,146.43,delivered
S1054,SKU5528,West DC,2024-08-24,2024-09-02,9,286,81.78,delivered
S1055,SKU1441,South DC,2024-05-26,2024-06-05,10,317,23.27,delivered
S1056,SKU2668,Central DC,2024-08-06,2024-08-09,3,306,90.97,delivered
S1057,SKU6835,East DC,2024-03-06,2024-03-15,9,336,95.07,in_transit
S1058,SKU3368,East DC,2024-09-28,2024-10-10,12,269,139.21,delivered
S1059,SKU2110,West DC,2024-10-09,2024-10-15,6,406,80.35,delivered
S1060,SKU8562,West DC,2024-01-17,2024-01-31,14,145,41.17,delivered
S1061,SKU5092,West DC,2024-06-01,2024-06-08,7,342,120.0,delayed
S1062,SKU3027,West DC,2024-05-26,2024-06-04,9,194,64.16,delivered
S1063,SKU7642,Central DC,2024-02-15,2024-02-29,14,476,89.21,delayed
S1064,SKU9648,Central DC,2024-02-17,2024-02-19,2,125,75.94,delivered
S1065,SKU7346,East DC,2024-12-19,2024-12-28,9,301,84.29,in_transit
S1066,SKU2724,Central DC,2024-04-15,2024-04-29,14,447,103.62,delivered
S1067,SKU3525,West DC,2024-08-08,2024-08-16,8,51,68.06,delivered
S1068,SKU5528,West DC,2024-08-06,2024-08-07,1,409,192.89,delivered
S1069,SKU3173,Central DC,2024-12-23,2024-12-30,7,115,87.21,delivered
S1070,SKU9360,East DC,2024-09-19,2024-09-27,8,60,10.43,in_transit
S1071,SKU7880,South DC,2024-08-21,2024-08-27,6,355,42.23,delivered
S1072,SKU8036,West DC,2024-09-16,2024-09-30,14,461,113.04,delivered
S1073,SKU6006,East DC,2024-12-15,2024-12-24,9,139,118.85,in_transit
S1074,SKU9648,South DC,2024-03-28,2024-04-02,5,246,189.18,in_transit
S1075,SKU3173,East DC,2024-06-18,2024-06-19,1,385,72.79,delayed
S1076,SKU1411,East DC,2024-09-17,2024-09-18,1,60,192.8,delayed
S1077,SKU9349,West DC,2024-03-13,2024-03-24,11,49,135.81,delivered
S1078,SKU7642,West DC,2024-08-19,2024-08-30,11,346,13.82,delivered
S1079,SKU7642,Central DC,2024-12-10,2024-12-23,13,405,154.87,delivered
S1080,SKU5528,Central DC,2024-10-17,2024-10-20,3,58,61.09,delivered
S1081,SKU1070,Central DC,2024-06-25,2024-06-29,4,241,16.43,delivered
S1082,SKU3280,Central DC,2024-08-11,2024-08-17,6,209,88.06,in_transit
S1083,SKU7642,West DC,2024-10-30,2024-11-09,10,244,187.88,delayed
S1084,SKU9360,Central DC,2024-06-02,2024-06-13,11,250,47.56,delivered
S1085,SKU9349,East DC,2024-08-13,2024-08-18,5,104,135.61,delivered
S1086,SKU3027,East DC,2024-04-15,2024-04-24,9,72,98.52,delivered
S1087,SKU3173,West DC,2024-05-18,2024-05-26,8,390,77.03,delayed
S1088,SKU7979,East DC,2024-01-22,2024-01-26,4,404,51.36,delayed
S1089,SKU9349,South DC,2024-08-23,2024-09-06,14,479,138.42,delivered
S1090,SKU9344,East DC,2024-04-20,2024-04-30,10,298,114.51,delivered
S1091,SKU1441,Central DC,2024-02-13,2024-02-20,7,481,194.27,delivered
S1092,SKU6442,West DC,2024-11-15,2024-11-21,6,214,171.0,in_transit
S1093,SKU7642,Central DC,2024-06-04,2024-06-09,5,106,39.0,delivered
S1094,SKU2110,East DC,2024-01-11,2024-01-23,12,302,155.51,in_transit
S1095,SKU4373,Central DC,2024-08-12,2024-08-16,4,496,126.62,delivered
S1096,SKU3027,South DC,2024-03-15,2024-03-29,14,211,114.77,delayed
S1097,SKU9648,South DC,2024-08-22,2024-09-02,11,72,148.48,delivered
S1098,SKU1441,Central DC,2024-08-23,2024-09-01,9,187,188.49,in_transit
S1099,SKU4154,East DC,2024-11-14,2024-11-18,4,408,134.48,delivered
S1100,SKU5847,West DC,2024-08-21,2024-09-01,11,361,175.91,delayed
S1101,SKU5910,South DC,2024-08-19,2024-08-29,10,458,185.39,in_transit
S1102,SKU9349,West DC,2024-07-09,2024-07-10,1,352,73.59,in_transit
S1103,SKU7880,East DC,2024-05-12,2024-05-13,1,260,39.18,delivered
S1104,SKU5847,South DC,2024-12-03,2024-12-06,3,372,142.14,delayed
S1105,SKU4373,East DC,2024-12-28,2025-01-01,4,165,8.2,delivered
S1106,SKU3368,South DC,2024-06-02,2024-06-16,14,325,103.43,in_transit
S1107,SKU1009,East DC,2024-08-17,2024-08-25,8,95,150.89,delayed
S1108,SKU5910,East DC,2024-08-28,2024-09-01,4,172,21.25,delivered
S1109,SKU7592,South DC,2024-11-05,2024-11-08,3,265,33.01,delayed
S1110,SKU8562,Central DC,2024-03-05,2024-03-08,3,18,198.87,delivered
S1111,SKU3280,West DC,2024-09-25,2024-10-09,14,186,26.08,delayed
S1112,SKU8036,East DC,2024-02-19,2024-03-01,11,424,183.18,delivered
S1113,SKU4944,West DC,2024-11-24,2024-11-28,4,424,199.11,delivered
S1114,SKU6835,West DC,2024-06-26,2024-06-29,3,444,135.66,in_transit
S1115,SKU2279,West DC,2024-12-25,2025-01-01,7,482,56.61,delivered
S1116,SKU4944,South DC,2024-06-15,2024-06-20,5,334,136.17,in_transit
S1117,SKU9565,West DC,2024-02-28,2024-03-04,5,97,29.87,delivered
S1118,SKU3302,West DC,2024-08-19,2024-08-24,5,420,138.96,in_transit
S1119,SKU5910,Central DC,2024-04-01,2024-04-04,3,380,157.54,delivered
S1120,SKU7880,Central DC,2024-05-26,2024-06-07,12,108,112.06,delivered
S1121,SKU1009,South DC,2024-02-01,2024-02-06,5,396,73.03,in_transit
S1122,SKU5910,South DC,2024-04-09,2024-04-11,2,491,25.34,delayed
S1123,SKU5910,Central DC,2024-03-31,2024-04-06,6,296,88.89,delivered
S1124,SKU9565,East DC,2024-08-20,2024-08-23,3,369,172.56,delivered
S1125,SKU7880,Central DC,2024-12-12,2024-12-25,13,464,117.18,in_transit
S1126,SKU7642,Central DC,2024-01-12,2024-01-24,12,470,47.63,in_transit
S1127,SKU9349,East DC,2024-12-24,2024-12-30,6,454,54.63,in_transit
S1128,SKU5873,Central DC,2024-05-11,2024-05-19,8,187,109.55,delayed
S1129,SKU7880,West DC,2024-07-09,2024-07-22,13,393,162.42,delivered
S1130,SKU9565,Central DC,2024-05-14,2024-05-25,11,62,161.89,delivered
S1131,SKU1009,South DC,2024-10-11,2024-10-13,2,53,123.52,delivered
S1132,SKU3027,West DC,2024-01-02,2024-01-15,13,155,79.89,delivered
S1133,SKU1141,South DC,2024-08-15,2024-08-27,12,402,94.57,delivered
S1134,SKU6006,Central DC,2024-11-26,2024-12-04,8,73,59.86,delivered
S1135,SKU6835,West DC,2024-10-21,2024-10-29,8,311,143.62,delivered
S1136,SKU3525,South DC,2024-05-13,2024-05-20,7,53,23.86,in_transit
S1137,SKU1411,Central DC,2024-04-10,2024-04-22,12,261,54.79,delivered
S1138,SKU8432,East DC,2024-09-12,2024-09-18,6,240,44.06,in_transit
S1139,SKU3027,Central DC,2024-05-13,2024-05-22,9,173,166.55,delivered
S1140,SKU9565,South DC,2024-02-02,2024-02-12,10,382,59.76,delivered
S1141,SKU1313,Central DC,2024-04-25,2024-04-27,2,56,185.5,delivered
S1142,SKU4417,West DC,2024-11-01,2024-11-15,14,183,100.75,delayed
S1143,SKU4359,West DC,2024-05-07,2024-05-18,11,422,167.56,delivered
S1144,SKU6006,West DC,2024-12-25,2025-01-04,10,436,78.13,in_transit
S1145,SKU9648,Central DC,2024-11-21,2024-11-23,2,14,191.14,delivered
S1146,SKU9565,East DC,2024-02-17,2024-02-19,2,347,69.59,delivered
S1147,SKU9738,West DC,2024-09-13,2024-09-26,13,10,69.79,in_transit
S1148,SKU7643,West DC,2024-08-24,2024-09-02,9,30,131.8,delivered
S1149,SKU5873,West DC,2024-08-22,2024-08-27,5,253,75.32,delivered
S1150,SKU1070,West DC,2024-01-03,2024-01-06,3,282,123.66,in_transit
S1151,SKU3302,Central DC,2024-08-19,2024-08-29,10,87,199.02,in_transit
S1152,SKU9738,Central DC,2024-04-11,2024-04-23,12,78,38.11,delivered
S1153,SKU4373,East DC,2024-04-02,2024-04-08,6,188,63.89,in_transit
S1154,SKU7087,Central DC,2024-04-26,2024-04-27,1,397,136.03,in_transit
S1155,SKU4154,East DC,2024-07-18,2024-07-23,5,458,68.7,delivered
S1156,SKU9875,East DC,2024-10-07,2024-10-21,14,126,51.1,delivered
S1157,SKU2724,West DC,2024-02-12,2024-02-21,9,183,187.84,delayed
S1158,SKU9738,Central DC,2024-02-15,2024-02-21,6,269,79.12,delivered
S1159,SKU2002,East DC,2024-03-22,2024-03-30,8,258,50.49,delivered
S1160,SKU5910,West DC,2024-03-10,2024-03-19,9,102,41.55,delivered
S1161,SKU3027,Central DC,2024-07-23,2024-07-24,1,286,7.29,delivered
S1162,SKU3368,West DC,2024-02-01,2024-02-15,14,321,193.38,in_transit
S1163,SKU2724,West DC,2024-09-15,2024-09-27,12,417,126.1,delivered
S1164,SKU8562,Central DC,2024-02-13,2024-02-25,12,34,109.32,delivered
S1165,SKU4373,East DC,2024-07-29,2024-08-05,7,27,11.36,delivered
S1166,SKU8562,Central DC,2024-04-02,2024-04-13,11,114,130.3,delivered
S1167,SKU7087,Central DC,2024-04-06,2024-04-13,7,302,179.14,in_transit
S1168,SKU1009,South DC,2024-11-20,2024-12-03,13,458,147.7,delivered
S1169,SKU6006,Central DC,2024-08-01,2024-08-02,1,470,144.48,in_transit
S1170,SKU1703,Central DC,2024-08-16,2024-08-24,8,331,160.81,delivered
S1171,SKU4154,South DC,2024-08-09,2024-08-23,14,327,127.99,delivered
S1172,SKU3525,East DC,2024-01-22,2024-01-27,5,299,62.71,delivered
S1173,SKU5826,West DC,2024-01-07,2024-01-19,12,29,73.84,delivered
S1174,SKU6835,South DC,2024-05-28,2024-06-07,10,290,95.12,delivered
S1175,SKU7979,South DC,2024-11-06,2024-11-10,4,187,172.17,delivered
S1176,SKU3280,East DC,2024-08-16,2024-08-26,10,380,101.74,in_transit
S1177,SKU7642,East DC,2024-05-29,2024-06-08,10,87,105.54,in_transit
S1178,SKU5092,East DC,2024-03-07,2024-03-21,14,294,177.25,delivered
S1179,SKU4944,West DC,2024-08-19,2024-08-24,5,244,20.73,delivered
S1180,SKU6442,East DC,2024-10-20,2024-11-01,12,493,152.66,delivered
S1181,SKU6835,South DC,2024-02-19,2024-03-04,14,333,74.45,delivered
S1182,SKU8036,East DC,2024-12-17,2024-12-31,14,328,129.21,delivered
S1183,SKU5092,East DC,2024-11-03,2024-11-11,8,359,185.62,in_transit
S1184,SKU7592,East DC,2024-09-03,2024-09-17,14,469,146.21,delivered
S1185,SKU5847,East DC,2024-06-13,2024-06-22,9,254,67.18,in_transit
S1186,SKU9349,West DC,2024-07-07,2024-07-18,11,88,55.09,delivered
S1187,SKU4944,East DC,2024-09-11,2024-09-16,5,498,164.81,in_transit
S1188,SKU3280,East DC,2024-04-20,2024-05-04,14,232,24.8,delivered
S1189,SKU7643,East DC,2024-01-11,2024-01-12,1,142,26.67,delivered
S1190,SKU9565,South DC,2024-08-24,2024-08-26,2,486,67.66,delivered
S1191,SKU8432,South DC,2024-08-04,2024-08-07,3,460,92.02,delivered
S1192,SKU5826,Central DC,2024-08-25,2024-09-03,9,463,6.39,delivered
S1193,SKU7642,East DC,2024-10-08,2024-10-17,9,330,180.98,delivered
S1194,SKU8562,Central DC,2024-09-05,2024-09-07,2,117,108.6,delayed
S1195,SKU4154,Central DC,2024-07-12,2024-07-23,11,176,148.53,delivered
S1196,SKU2724,South DC,2024-12-12,2024-12-23,11,198,141.87,delivered
S1197,SKU8562,South DC,2024-10-07,2024-10-20,13,183,119.64,delayed
S1198,SKU1411,East DC,2024-11-01,2024-11-10,9,494,96.86,delivered
S1199,SKU4417,East DC,2024-03-04,2024-03-16,12,147,119.07,in_transit
S1200,SKU4359,West DC,2024-10-21,2024-10-22,1,166,9.88,delivered
S1201,SKU5873,West DC,2024-10-13,2024-10-24,11,403,149.05,in_transit
S1202,SKU3280,Central DC,2024-01-30,2024-01-31,1,389,166.7,delivered
S1203,SKU3525,South DC,2024-12-07,2024-12-16,9,240,133.43,delivered
S1204,SKU3368,West DC,2024-08-06,2024-08-13,7,20,156.48,delayed
S1205,SKU7643,South DC,2024-05-12,2024-05-25,13,440,50.4,delivered
S1206,SKU4787,West DC,2024-01-31,2024-02-09,9,304,11.89,in_transit
S1207,SKU6835,Central DC,2024-11-19,2024-11-20,1,389,159.42,delivered
S1208,SKU1703,West DC,2024-07-25,2024-07-31,6,314,125.83,delivered
S1209,SKU3302,West DC,2024-05-05,2024-05-08,3,402,105.81,delivered
S1210,SKU9738,East DC,2024-03-16,2024-03-28,12,85,185.85,delivered
S1211,SKU6006,Central DC,2024-11-16,2024-11-20,4,70,70.32,in_transit
S1212,SKU2279,Central DC,2024-01-16,2024-01-28,12,95,26.0,in_transit
S1213,SKU4154,West DC,2024-09-09,2024-09-10,1,182,27.5,delivered
S1214,SKU2724,West DC,2024-05-19,2024-05-20,1,403,145.78,delivered
S1215,SKU8036,South DC,2024-07-10,2024-07-12,2,375,58.28,in_transit
S1216,SKU4154,East DC,2024-12-21,2024-12-26,5,104,73.49,delayed
S1217,SKU1141,Central DC,2024-02-25,2024-03-08,12,292,136.72,delayed
S1218,SKU1411,South DC,2024-09-16,2024-09-21,5,371,141.72,delivered
S1219,SKU1411,East DC,2024-12-25,2024-12-31,6,412,196.17,delivered
S1220,SKU3302,West DC,2024-03-04,2024-03-08,4,489,193.6,delivered
S1221,SKU4944,Central DC,2024-09-29,2024-10-03,4,162,160.34,delayed
S1222,SKU4417,Central DC,2024-04-09,2024-04-15,6,312,17.65,delivered
S1223,SKU1441,Central DC,2024-04-03,2024-04-04,1,360,163.15,delivered
S1224,SKU2002,West DC,2024-05-06,2024-05-17,11,128,128.59,delivered
S1225,SKU9875,East DC,2024-01-27,2024-02-03,7,388,147.2,delivered
S1226,SKU5873,South DC,2024-07-21,2024-08-02,12,334,55.99,in_transit
S1227,SKU4417,South DC,2024-11-19,2024-11-22,3,453,166.58,delivered
S1228,SKU6006,Central DC,2024-12-19,2024-12-22,3,265,118.65,delivered
S1229,SKU6006,South DC,2024-06-18,2024-06-19,1,284,29.6,delivered
S1230,SKU9344,Central DC,2024-02-24,2024-03-06,11,150,66.01,delivered
S1231,SKU2668,West DC,2024-03-20,2024-03-27,7,249,188.06,delayed
S1232,SKU1141,East DC,2024-01-19,2024-01-21,2,9,144.52,delivered
S1233,SKU1313,East DC,2024-08-21,2024-08-31,10,469,69.23,delayed
S1234,SKU1703,Central DC,2024-09-09,2024-09-18,9,381,80.83,delivered
S1235,SKU1703,South DC,2024-03-14,2024-03-21,7,486,118.81,delivered
S1236,SKU7643,East DC,2024-10-18,2024-10-21,3,46,24.71,delivered
S1237,SKU3173,East DC,2024-05-20,2024-05-31,11,244,82.72,delayed
S1238,SKU8432,South DC,2024-07-05,2024-07-06,1,175,86.2,delivered
S1239,SKU2002,West DC,2024-04-27,2024-05-08,11,263,119.48,delayed
S1240,SKU6835,South DC,2024-03-06,2024-03-09,3,398,116.85,delivered
S1241,SKU5826,West DC,2024-06-15,2024-06-29,14,38,92.32,delivered
S1242,SKU1009,Central DC,2024-05-19,2024-05-28,9,172,81.79,delayed
S1243,SKU2279,Central DC,2024-05-25,2024-05-30,5,49,197.55,delayed
S1244,SKU7979,West DC,2024-11-29,2024-12-02,3,382,92.33,in_transit
S1245,SKU7880,West DC,2024-04-02,2024-04-09,7,346,117.68,delivered
S1246,SKU4154,East DC,2024-11-01,2024-11-14,13,292,199.64,delivered
S1247,SKU1141,South DC,2024-03-12,2024-03-18,6,263,120.31,delivered
S1248,SKU3027,East DC,2024-02-29,2024-03-03,3,162,50.4,delivered
S1249,SKU3280,Central DC,2024-08-19,2024-08-27,8,388,139.03,delivered
S1250,SKU3173,West DC,2024-11-07,2024-11-18,11,13,41.37,in_transit
S1251,SKU2279,Central DC,2024-11-08,2024-11-15,7,411,136.16,delivered
S1252,SKU6442,Central DC,2024-02-01,2024-02-11,10,196,17.71,delivered
S1253,SKU9648,East DC,2024-06-04,2024-06-05,1,493,11.65,delivered
S1254,SKU2110,East DC,2024-04-09,2024-04-11,2,252,102.85,in_transit
S1255,SKU8432,West DC,2024-07-27,2024-08-05,9,76,117.68,delivered
S1256,SKU8036,South DC,2024-06-18,2024-06-23,5,29,119.98,delivered
S1257,SKU4417,South DC,2024-02-03,2024-02-16,13,281,135.54,delayed
S1258,SKU1141,Central DC,2024-05-12,2024-05-14,2,283,72.37,delivered
S1259,SKU2110,South DC,2024-12-15,2024-12-21,6,384,43.32,delayed
S1260,SKU1313,West DC,2024-08-04,2024-08-06,2,348,153.75,delivered
S1261,SKU5873,South DC,2024-02-01,2024-02-08,7,394,188.55,in_transit
S1262,SKU1070,South DC,2024-07-25,2024-08-06,12,23,53.05,delayed
S1263,SKU9738,West DC,2024-03-21,2024-04-02,12,62,76.86,delivered
S1264,SKU1070,West DC,2024-09-28,2024-10-03,5,333,8.95,in_transit
S1265,SKU2668,Central DC,2024-06-22,2024-07-05,13,65,110.36,delivered
S1266,SKU7346,East DC,2024-04-20,2024-05-01,11,63,114.96,delivered
S1267,SKU7643,East DC,2024-06-03,2024-06-11,8,264,156.21,in_transit
S1268,SKU7087,East DC,2024-07-15,2024-07-28,13,496,182.85,delayed
S1269,SKU5910,Central DC,2024-01-12,2024-01-20,8,26,194.51,delayed
S1270,SKU7592,East DC,2024-12-06,2024-12-09,3,432,55.23,delayed
S1271,SKU5847,West DC,2024-10-15,2024-10-25,10,260,71.14,delivered
S1272,SKU3027,Central DC,2024-10-11,2024-10-17,6,172,75.87,delivered
S1273,SKU2279,East DC,2024-07-15,2024-07-16,1,267,191.24,delivered
S1274,SKU9360,East DC,2024-09-20,2024-09-24,4,10,83.7,delayed
S1275,SKU5092,West DC,2024-11-04,2024-11-09,5,256,178.87,delivered
S1276,SKU1411,East DC,2024-11-08,2024-11-16,8,450,141.43,delivered
S1277,SKU7642,East DC,2024-10-22,2024-11-04,13,19,126.61,delivered
S1278,SKU9349,South DC,2024-10-14,2024-10-21,7,454,81.74,delivered
S1279,SKU4787,South DC,2024-03-04,2024-03-13,9,191,179.84,delivered
S1280,SKU9360,West DC,2024-07-10,2024-07-23,13,476,57.32,delayed
S1281,SKU6835,South DC,2024-10-10,2024-10-24,14,21,81.2,in_transit
S1282,SKU2279,South DC,2024-12-09,2024-12-20,11,340,37.94,in_transit
S1283,SKU1411,East DC,2024-02-22,2024-03-05,12,37,143.15,delayed
S1284,SKU1703,Central DC,2024-01-01,2024-01-12,11,26,48.16,delayed
S1285,SKU7346,West DC,2024-06-23,2024-07-03,10,350,197.89,delayed
S1286,SKU1441,Central DC,2024-02-14,2024-02-26,12,79,48.91,delayed
S1287,SKU7087,Central DC,2024-06-16,2024-06-22,6,414,74.3,delivered
S1288,SKU6442,South DC,2024-10-06,2024-10-16,10,118,112.77,in_transit
S1289,SKU2724,South DC,2024-04-06,2024-04-10,4,388,150.98,delivered
S1290,SKU2668,East DC,2024-03-14,2024-03-24,10,194,126.14,delivered
S1291,SKU6442,West DC,2024-08-09,2024-08-20,11,88,138.05,in_transit
S1292,SKU3302,Central DC,2024-02-23,2024-02-27,4,353,70.94,delayed
S1293,SKU7979,Central DC,2024-04-01,2024-04-02,1,14,169.8,delivered
S1294,SKU7592,East DC,2024-04-07,2024-04-10,3,432,36.72,delivered
S1295,SKU9344,West DC,2024-04-04,2024-04-15,11,59,38.52,delivered
S1296,SKU3173,East DC,2024-04-21,2024-04-22,1,104,13.13,delivered
S1297,SKU2002,West DC,2024-12-01,2024-12-09,8,127,44.21,delivered
S1298,SKU1441,West DC,2024-11-18,2024-11-30,12,462,185.47,delivered
S1299,SKU5826,South DC,2024-08-12,2024-08-18,6,249,195.18,delivered
S1300,SKU7087,East DC,2024-02-22,2024-03-03,10,338,156.14,delivered
S1301,SKU6835,South DC,2024-01-08,2024-01-15,7,440,11.62,delivered
S1302,SKU4417,West DC,2024-07-02,2024-07-04,2,397,134.0,delivered
S1303,SKU1703,East DC,2024-04-06,2024-04-16,10,239,60.96,delayed
S1304,SKU4787,South DC,2024-01-05,2024-01-13,8,387,141.75,in_transit
S1305,SKU3302,Central DC,2024-02-21,2024-02-29,8,445,109.02,delivered
S1306,SKU5092,Central DC,2024-03-11,2024-03-22,11,447,122.01,delivered
S1307,SKU1070,East DC,2024-04-13,2024-04-18,5,120,125.02,delivered
S1308,SKU8432,West DC,2024-06-23,2024-07-05,12,247,17.09,delivered
S1309,SKU1313,South DC,2024-08-26,2024-09-09,14,482,55.43,delayed
S1310,SKU9738,South DC,2024-07-05,2024-07-11,6,377,94.65,delayed
S1311,SKU9344,West DC,2024-03-10,2024-03-20,10,311,26.56,delivered
S1312,SKU9648,South DC,2024-10-09,2024-10-10,1,102,97.47,delivered
S1313,SKU9875,East DC,2024-10-02,2024-10-05,3,304,80.08,in_transit
S1314,SKU5826,East DC,2024-09-25,2024-09-28,3,302,101.37,delivered
S1315,SKU2110,South DC,2024-01-28,2024-02-03,6,167,168.24,delivered
S1316,SKU4787,East DC,2024-05-05,2024-05-11,6,48,190.69,delivered
S1317,SKU3368,East DC,2024-03-23,2024-03-28,5,419,189.8,delivered
S1318,SKU9349,South DC,2024-07-21,2024-07-26,5,99,67.16,in_transit
S1319,SKU5910,South DC,2024-07-09,2024-07-17,8,357,182.18,delayed
S1320,SKU1441,South DC,2024-07-17,2024-07-27,10,466,123.37,delivered
S1321,SKU7880,Central DC,2024-11-10,2024-11-16,6,184,197.16,in_transit
S1322,SKU7880,West DC,2024-03-24,2024-03-28,4,205,26.04,delivered
S1323,SKU1703,West DC,2024-04-12,2024-04-13,1,315,170.59,delivered
S1324,SKU2279,East DC,2024-12-10,2024-12-16,6,405,84.86,in_transit
S1325,SKU1703,South DC,2024-03-28,2024-04-02,5,169,18.46,delivered
S1326,SKU4787,West DC,2024-12-31,2025-01-12,12,422,126.63,delivered
S1327,SKU7642,South DC,2024-05-27,2024-05-31,4,492,36.51,in_transit
S1328,SKU9349,East DC,2024-09-04,2024-09-12,8,493,88.0,delivered
S1329,SKU9344,South DC,2024-05-21,2024-05-29,8,76,74.02,in_transit
S1330,SKU2110,East DC,2024-10-28,2024-11-04,7,241,69.59,delivered
S1331,SKU6006,Central DC,2024-01-09,2024-01-13,4,435,44.17,delivered
S1332,SKU7346,Central DC,2024-09-02,2024-09-16,14,134,187.25,in_transit
S1333,SKU9360,South DC,2024-03-12,2024-03-24,12,420,48.58,in_transit
S1334,SKU6442,South DC,2024-08-19,2024-08-26,7,292,72.58,in_transit
S1335,SKU5092,West DC,2024-11-16,2024-11-29,13,290,138.32,delivered
S1336,SKU9738,South DC,2024-04-23,2024-05-03,10,344,63.25,delivered
S1337,SKU7592,East DC,2024-11-17,2024-11-25,8,115,48.18,delayed
S1338,SKU6006,East DC,2024-02-03,2024-02-06,3,34,106.91,delivered
S1339,SKU1313,East DC,2024-12-18,2024-12-23,5,88,37.72,delayed
S1340,SKU9875,West DC,2024-06-20,2024-06-25,5,379,148.33,delivered
S1341,SKU4359,Central DC,2024-03-05,2024-03-09,4,160,86.55,delayed
S1342,SKU4787,East DC,2024-09-19,2024-09-20,1,476,194.33,delivered
S1343,SKU5528,South DC,2024-11-04,2024-11-15,11,248,168.36,delayed
S1344,SKU8432,Central DC,2024-09-09,2024-09-10,1,325,112.86,delivered
S1345,SKU2110,Central DC,2024-06-17,2024-06-29,12,354,164.1,delivered
S1346,SKU3280,East DC,2024-11-01,2024-11-09,8,265,166.27,delivered
S1347,SKU4787,East DC,2024-04-11,2024-04-25,14,167,142.03,in_transit
S1348,SKU5092,West DC,2024-05-17,2024-05-26,9,430,122.65,delivered
S1349,SKU9344,East DC,2024-10-29,2024-11-08,10,482,49.94,delivered
S1350,SKU8562,South DC,2024-02-19,2024-02-25,6,413,153.62,delayed
S1351,SKU7592,West DC,2024-02-18,2024-03-02,13,12,75.14,delivered
S1352,SKU2279,Central DC,2024-12-25,2025-01-08,14,430,15.92,delivered
S1353,SKU2668,South DC,2024-04-05,2024-04-16,11,375,167.19,delivered
S1354,SKU2724,South DC,2024-11-02,2024-11-12,10,113,198.75,delivered
S1355,SKU9565,East DC,2024-08-15,2024-08-20,5,380,102.31,delivered
S1356,SKU5873,South DC,2024-11-22,2024-11-24,2,282,7.98,delivered
S1357,SKU2279,East DC,2024-09-04,2024-09-09,5,304,124.65,delivered
S1358,SKU9648,East DC,2024-07-07,2024-07-14,7,198,7.62,delivered
S1359,SKU9565,South DC,2024-04-15,2024-04-18,3,190,86.94,delivered
S1360,SKU8432,East DC,2024-09-18,2024-09-22,4,408,98.31,delayed
S1361,SKU5092,East DC,2024-10-12,2024-10-25,13,371,82.31,delivered
S1362,SKU8432,East DC,2024-06-27,2024-07-05,8,435,70.16,delivered
S1363,SKU7087,East DC,2024-07-02,2024-07-16,14,367,38.73,delivered
S1364,SKU5910,East DC,2024-11-05,2024-11-18,13,477,121.14,in_transit
S1365,SKU2002,East DC,2024-09-14,2024-09-21,7,273,157.57,delayed
S1366,SKU2668,West DC,2024-10-04,2024-10-12,8,32,107.27,delivered
S1367,SKU3173,South DC,2024-10-10,2024-10-14,4,299,19.06,delayed
S1368,SKU3525,South DC,2024-05-07,2024-05-14,7,174,103.78,delivered
S1369,SKU9349,South DC,2024-03-22,2024-04-02,11,485,164.74,delivered
S1370,SKU1070,South DC,2024-08-15,2024-08-19,4,274,175.34,delivered
S1371,SKU8432,West DC,2024-02-14,2024-02-25,11,133,57.59,delivered
S1372,SKU9349,Central DC,2024-04-22,2024-04-27,5,2,28.54,delivered
S1373,SKU9565,West DC,2024-05-08,2024-05-22,14,464,129.31,in_transit
S1374,SKU3027,South DC,2024-11-29,2024-12-11,12,161,173.85,delivered
S1375,SKU7592,West DC,2024-08-04,2024-08-18,14,253,43.01,in_transit
S1376,SKU5092,South DC,2024-08-30,2024-09-04,5,330,164.98,delayed
S1377,SKU6006,West DC,2024-07-21,2024-07-28,7,265,155.45,delivered
S1378,SKU9648,Central DC,2024-05-20,2024-06-03,14,150,189.15,delivered
S1379,SKU7643,West DC,2024-03-18,2024-03-26,8,431,27.49,delayed
S1380,SKU4154,Central DC,2024-12-30,2025-01-10,11,196,198.31,delivered
S1381,SKU9648,Central DC,2024-12-23,2024-12-28,5,26,23.44,delivered
S1382,SKU3302,East DC,2024-06-03,2024-06-16,13,462,87.67,delivered
S1383,SKU9349,Central DC,2024-08-29,2024-08-31,2,339,90.08,delivered
S1384,SKU9875,West DC,2024-08-28,2024-09-06,9,263,147.86,delivered
S1385,SKU3280,West DC,2024-08-18,2024-08-19,1,245,157.71,in_transit
S1386,SKU9349,South DC,2024-03-23,2024-03-26,3,250,196.1,delivered
S1387,SKU7880,Central DC,2024-07-28,2024-08-08,11,65,164.83,delivered
S1388,SKU7642,West DC,2024-08-09,2024-08-18,9,381,51.2,delivered
S1389,SKU1411,East DC,2024-08-30,2024-09-03,4,499,132.23,delivered
S1390,SKU6006,South DC,2024-01-14,2024-01-21,7,154,25.79,delivered
S1391,SKU7592,South DC,2024-10-30,2024-10-31,1,225,79.06,delayed
S1392,SKU3173,East DC,2024-07-28,2024-08-10,13,456,62.11,delivered
S1393,SKU7087,South DC,2024-07-20,2024-07-29,9,209,147.47,delivered
S1394,SKU1070,East DC,2024-12-12,2024-12-17,5,173,115.69,delivered
S1395,SKU8036,East DC,2024-02-29,2024-03-06,6,297,91.27,delayed
S1396,SKU3525,West DC,2024-10-31,2024-11-13,13,207,198.05,delayed
S1397,SKU3525,South DC,2024-09-28,2024-10-07,9,73,153.93,delayed
S1398,SKU9360,Central DC,2024-01-27,2024-02-10,14,309,49.61,in_transit
S1399,SKU2724,West DC,2024-09-17,2024-10-01,14,239,14.51,delivered
S1400,SKU7346,Central DC,2024-06-09,2024-06-10,1,46,176.83,in_transit
S1401,SKU9360,Central DC,2024-05-24,2024-05-25,1,188,59.5,delayed
S1402,SKU4417,Central DC,2024-01-31,2024-02-02,2,449,5.69,delivered
S1403,SKU2002,West DC,2024-10-06,2024-10-11,5,398,193.39,delivered
S1404,SKU2724,East DC,2024-12-21,2025-01-01,11,313,56.33,delivered
S1405,SKU6006,East DC,2024-12-17,2024-12-21,4,148,22.4,delivered
S1406,SKU9349,Central DC,2024-08-23,2024-08-31,8,252,175.71,delayed
S1407,SKU9360,East DC,2024-06-29,2024-07-10,11,65,152.79,delivered
S1408,SKU2110,East DC,2024-01-07,2024-01-10,3,350,192.66,delivered
S1409,SKU7979,Central DC,2024-11-29,2024-12-05,6,449,122.09,in_transit
S1410,SKU2279,East DC,2024-04-20,2024-04-25,5,13,62.23,delivered
S1411,SKU3302,West DC,2024-09-03,2024-09-16,13,204,146.07,in_transit
S1412,SKU4944,South DC,2024-09-24,2024-09-25,1,155,39.63,delivered
S1413,SKU5910,South DC,2024-03-05,2024-03-09,4,267,123.12,in_transit
S1414,SKU9344,East DC,2024-03-19,2024-03-31,12,153,199.73,in_transit
S1415,SKU9360,East DC,2024-12-10,2024-12-21,11,76,98.95,delivered
S1416,SKU2002,Central DC,2024-05-18,2024-05-29,11,15,87.37,delivered
S1417,SKU1703,West DC,2024-11-14,2024-11-26,12,487,149.09,delayed
S1418,SKU4154,East DC,2024-04-26,2024-05-03,7,88,55.46,delayed
S1419,SKU2279,Central DC,2024-09-23,2024-09-29,6,330,153.98,delivered
S1420,SKU8432,South DC,2024-02-12,2024-02-22,10,11,13.61,delivered
S1421,SKU5826,East DC,2024-09-01,2024-09-07,6,247,196.52,delivered
S1422,SKU4373,West DC,2024-10-02,2024-10-09,7,303,196.0,delivered
S1423,SKU3027,Central DC,2024-02-06,2024-02-17,11,78,12.83,delivered
S1424,SKU9875,South DC,2024-03-20,2024-03-27,7,205,85.0,delayed
S1425,SKU5847,East DC,2024-04-01,2024-04-04,3,288,10.7,delivered
S1426,SKU2668,South DC,2024-01-09,2024-01-22,13,241,57.03,delivered
S1427,SKU9349,Central DC,2024-11-16,2024-11-20,4,32,51.04,delivered
S1428,SKU5528,Central DC,2024-01-02,2024-01-14,12,251,126.13,delayed
S1429,SKU1009,East DC,2024-07-07,2024-07-11,4,378,96.87,in_transit
S1430,SKU8036,West DC,2024-05-31,2024-06-11,11,78,106.94,delivered
S1431,SKU2279,East DC,2024-08-29,2024-09-01,3,144,38.47,delivered
S1432,SKU3368,Central DC,2024-04-17,2024-04-28,11,41,30.58,delivered
S1433,SKU7642,East DC,2024-05-21,2024-05-24,3,189,157.65,delivered
S1434,SKU7643,Central DC,2024-05-26,2024-05-30,4,89,63.01,in_transit
S1435,SKU7087,West DC,2024-04-10,2024-04-17,7,234,54.29,delivered
S1436,SKU8036,East DC,2024-09-13,2024-09-18,5,255,160.13,delivered
S1437,SKU2279,South DC,2024-06-03,2024-06-05,2,184,107.93,delivered
S1438,SKU2724,West DC,2024-02-02,2024-02-03,1,342,12.94,in_transit
S1439,SKU8036,South DC,2024-03-15,2024-03-16,1,26,26.58,in_transit
S1440,SKU2002,West DC,2024-12-29,2025-01-09,11,192,100.71,delivered
S1441,SKU8036,Central DC,2024-05-11,2024-05-25,14,1,139.43,delayed
S1442,SKU4373,East DC,2024-07-23,2024-08-02,10,14,72.89,delivered
S1443,SKU3368,East DC,2024-11-07,2024-11-09,2,234,42.36,delayed
S1444,SKU1070,South DC,2024-07-13,2024-07-22,9,376,79.71,delayed
S1445,SKU7346,East DC,2024-09-03,2024-09-07,4,404,176.62,delivered
S1446,SKU7880,East DC,2024-05-21,2024-05-27,6,322,150.23,in_transit
S1447,SKU9349,West DC,2024-03-20,2024-03-28,8,103,190.78,delivered
S1448,SKU3525,Central DC,2024-08-26,2024-09-07,12,211,39.93,delivered
S1449,SKU3173,Central DC,2024-09-18,2024-09-21,3,239,136.88,delayed
S1450,SKU6835,East DC,2024-02-09,2024-02-18,9,255,111.65,delivered
S1451,SKU1411,East DC,2024-09-26,2024-09-28,2,151,134.16,delivered
S1452,SKU2668,South DC,2024-08-13,2024-08-25,12,245,112.03,delivered
S1453,SKU7592,East DC,2024-08-09,2024-08-17,8,15,175.24,in_transit
S1454,SKU8432,West DC,2024-02-18,2024-02-28,10,131,86.25,in_transit
S1455,SKU5826,South DC,2024-05-14,2024-05-25,11,326,194.3,delivered
S1456,SKU3027,West DC,2024-04-29,2024-04-30,1,216,80.89,in_transit
S1457,SKU8036,East DC,2024-11-29,2024-12-06,7,50,94.95,delivered
S1458,SKU9349,South DC,2024-01-29,2024-02-09,11,392,34.77,delivered
S1459,SKU9565,South DC,2024-08-08,2024-08-13,5,72,126.65,in_transit
S1460,SKU2279,West DC,2024-11-15,2024-11-23,8,494,129.04,delivered
S1461,SKU1411,Central DC,2024-05-22,2024-05-31,9,112,95.5,delivered
S1462,SKU2110,Central DC,2024-03-02,2024-03-08,6,94,144.52,delivered
S1463,SKU1009,East DC,2024-09-29,2024-10-03,4,432,40.72,delayed
S1464,SKU2002,South DC,2024-12-15,2024-12-19,4,183,85.76,delivered
S1465,SKU7592,South DC,2024-04-18,2024-04-20,2,431,71.77,delayed
S1466,SKU3173,South DC,2024-09-18,2024-09-25,7,34,194.57,in_transit
S1467,SKU8432,Central DC,2024-05-09,2024-05-11,2,361,126.2,delayed
S1468,SKU8562,West DC,2024-01-18,2024-01-20,2,34,93.46,in_transit
S1469,SKU1441,West DC,2024-12-09,2024-12-15,6,220,193.25,delivered
S1470,SKU9648,West DC,2024-09-14,2024-09-25,11,364,48.22,delayed
S1471,SKU1441,South DC,2024-04-30,2024-05-08,8,383,124.4,delivered
S1472,SKU6835,Central DC,2024-01-25,2024-02-01,7,230,152.6,delivered
S1473,SKU6442,South DC,2024-06-20,2024-06-27,7,309,103.67,delivered
S1474,SKU7642,East DC,2024-01-09,2024-01-21,12,127,27.8,delayed
S1475,SKU5873,South DC,2024-07-17,2024-07-20,3,157,20.96,in_transit
S1476,SKU5092,Central DC,2024-04-16,2024-04-18,2,130,85.83,in_transit
S1477,SKU2668,South DC,2024-09-21,2024-09-24,3,53,113.49,delivered
S1478,SKU4417,South DC,2024-04-15,2024-04-20,5,212,109.24,in_transit
S1479,SKU7642,South DC,2024-06-07,2024-06-20,13,2,124.54,in_transit
S1480,SKU9738,Central DC,2024-10-24,2024-10-30,6,80,105.04,delayed
S1481,SKU5847,East DC,2024-02-03,2024-02-17,14,332,118.84,delayed
S1482,SKU9738,East DC,2024-07-18,2024-07-21,3,368,105.92,delivered
S1483,SKU5910,Central DC,2024-07-12,2024-07-15,3,206,97.51,delivered
S1484,SKU6442,East DC,2024-01-23,2024-01-31,8,114,85.97,delayed
S1485,SKU2668,South DC,2024-05-11,2024-05-21,10,44,184.66,in_transit
S1486,SKU3280,East DC,2024-06-03,2024-06-16,13,187,100.61,delayed
S1487,SKU3173,South DC,2024-06-20,2024-06-25,5,110,7.43,delayed
S1488,SKU5873,South DC,2024-11-29,2024-12-10,11,288,42.15,delayed
S1489,SKU7979,Central DC,2024-10-19,2024-10-20,1,203,44.13,delivered
S1490,SKU3027,East DC,2024-02-11,2024-02-15,4,428,72.82,delivered
S1491,SKU2002,East DC,2024-04-23,2024-04-24,1,129,37.03,in_transit
S1492,SKU5873,West DC,2024-02-09,2024-02-14,5,462,55.55,delivered
S1493,SKU4944,West DC,2024-05-02,2024-05-09,7,299,33.47,delivered
S1494,SKU7087,East DC,2024-09-26,2024-10-10,14,106,126.9,in_transit
S1495,SKU8036,West DC,2024-01-29,2024-02-07,9,328,151.6,in_transit
S1496,SKU7346,East DC,2024-04-22,2024-04-27,5,396,22.5,in_transit
S1497,SKU5528,East DC,2024-06-06,2024-06-07,1,102,84.36,delivered
S1498,SKU9360,South DC,2024-10-02,2024-10-10,8,302,70.36,delivered
S1499,SKU8562,South DC,2024-04-09,2024-04-23,14,330,13.51,delivered
S1500,SKU1141,South DC,2024-03-16,2024-03-27,11,388,134.24,delivered
