product_id,name,category,price,cost
P00001,Product 1,Clothing,377.78,74.86
P00002,Product 2,Toys,437.15,69.92
P00003,Product 3,Toys,261.67,147.53
P00004,Product 4,Books,360.4,17.9
P00005,Product 5,Toys,414.32,140.73
P00006,Product 6,Home,460.46,20.45
P00007,Product 7,Home,313.71,171.07
P00008,Product 8,Beauty,144.36,187.41
P00009,Product 9,Sports,264.01,82.73
P00010,Product 10,Garden,15.45,55.32
P00011,Product 11,Garden,442.07,102.89
P00012,Product 12,Garden,204.03,60.43
P00013,Product 13,Beauty,198.62,180.49
P00014,Product 14,Garden,433.83,3.53
P00015,Product 15,Electronics,340.79,4.57
P00016,Product 16,Books,134.82,96.72
P00017,Product 17,Clothing,290.25,164.34
P00018,Product 18,Toys,78.5,120.34
P00019,Product 19,Books,286.81,20.43
P00020,Product 20,Toys,133.67,20.6
P00021,Product 21,Home,162.73,50.42
P00022,Product 22,Books,402.38,141.99
P00023,Product 23,Home,143.4,117.45
P00024,Product 24,Clothing,29.08,165.8
P00025,Product 25,Books,253.05,198.27
P00026,Product 26,Sports,93.66,131.86
P00027,Product 27,Electronics,292.09,174.73
P00028,Product 28,Beauty,129.81,192.53
P00029,Product 29,Books,311.85,64.37
P00030,Product 30,Home,443.48,68.31
P00031,Product 31,Garden,383.62,91.51
P00032,Product 32,Clothing,366.05,8.33
P00033,Product 33,Home,350.31,35.71
P00034,Product 34,Toys,406.65,144.45
P00035,Product 35,Toys,92.37,143.88
P00036,Product 36,Beauty,202.09,39.03
P00037,Product 37,Clothing,494.75,56.5
P00038,Product 38,Toys,268.91,82.07
P00039,Product 39,Beauty,292.49,170.41
P00040,Product 40,Electronics,5.77,169.14
P00041,Product 41,Books,37.48,153.35
P00042,Product 42,Books,408.8,23.02
P00043,Product 43,Books,318.29,31.88
P00044,Product 44,Books,393.08,196.06
P00045,Product 45,Electronics,171.39,37.89
P00046,Product 46,Sports,9.69,148.59
P00047,Product 47,Clothing,112.57,169.19
P00048,Product 48,Electronics,76.84,163.28
P00049,Product 49,Beauty,289.63,31.42
P00050,Product 50,Garden,364.77,17.35
P00051,Product 51,Electronics,325.16,43.45
P00052,Product 52,Garden,204.32,92.23
P00053,Product 53,Garden,188.98,11.58
P00054,Product 54,Electronics,149.55,10.02
P00055,Product 55,Clothing,248.09,78.75
P00056,Product 56,Books,197.39,14.09
P00057,Product 57,Beauty,398.68,192.63
P00058,Product 58,Clothing,111.55,134.65
P00059,Product 59,Garden,371.18,160.95
P00060,Product 60,Toys,257.15,23.8
P00061,Product 61,Beauty,349.47,4.43
P00062,Product 62,Beauty,254.82,187.02
P00063,Product 63,Electronics,108.71,152.1
P00064,Product 64,Electronics,346.59,34.6
P00065,Product 65,Electronics,489.63,42.2
P00066,Product 66,Toys,334.06,187.54
P00067,Product 67,Electronics,469.1,87.49
P00068,Product 68,Toys,461.81,113.6
P00069,Product 69,Sports,93.77,104.38
P00070,Product 70,Home,138.95,191.11
P00071,Product 71,Toys,396.25,171.83
P00072,Product 72,Toys,311.12,154.81
P00073,Product 73,Sports,372.96,163.87
P00074,Product 74,Sports,46.62,194.66
P00075,Product 75,Toys,498.16,173.14
P00076,Product 76,Home,185.36,38.71
P00077,Product 77,Electronics,321.91,132.33
P00078,Product 78,Garden,327.53,11.31
P00079,Product 79,Home,352.74,102.72
P00080,Product 80,Electronics,340.67,45.81
P00081,Product 81,Sports,418.53,173.28
P00082,Product 82,Beauty,257.79,87.41
P00083,Product 83,Toys,89.45,98.0
P00084,Product 84,Books,89.73,90.7
P00085,Product 85,Home,46.91,69.43
P00086,Product 86,Beauty,423.5,162.97
P00087,Product 87,Clothing,52.94,33.26
P00088,Product 88,Home,79.85,18.13
P00089,Product 89,Electronics,402.45,71.46
P00090,Product 90,Electronics,444.42,142.39
P00091,Product 91,Sports,438.61,116.42
P00092,Product 92,Electronics,335.92,107.24
P00093,Product 93,Toys,153.21,57.18
P00094,Product 94,Beauty,332.36,191.88
P00095,Product 95,Toys,126.57,73.88
P00096,Product 96,Books,428.98,163.02
P00097,Product 97,Books,323.05,46.04
P00098,Product 98,Toys,90.14,24.71
P00099,Product 99,Toys,286.23,134.66
P00100,Product 100,Toys,63.16,45.22
P00101,Product 101,Books,25.57,89.07
P00102,Product 102,Toys,112.6,84.15
P00103,Product 103,Home,31.77,34.03
P00104,Product 104,Garden,138.66,52.58
P00105,Product 105,Beauty,432.48,145.5
P00106,Product 106,Garden,465.42,30.38
P00107,Product 107,Sports,480.57,138.68
P00108,Product 108,Electronics,68.99,166.93
P00109,Product 109,Electronics,239.95,140.19
P00110,Product 110,Toys,61.95,153.13
P00111,Product 111,Sports,251.14,148.63
P00112,Product 112,Garden,333.81,109.65
P00113,Product 113,Home,381.43,173.21
P00114,Product 114,Beauty,450.7,92.22
P00115,Product 115,Sports,267.41,44.47
P00116,Product 116,Home,61.29,32.91
P00117,Product 117,Sports,410.68,74.22
P00118,Product 118,Electronics,275.49,21.12
P00119,Product 119,Books,23.41,177.89
P00120,Product 120,Home,183.89,145.58
P00121,Product 121,Beauty,251.42,34.2
P00122,Product 122,Toys,201.93,178.8
P00123,Product 123,Beauty,10.87,103.38
P00124,Product 124,Beauty,120.12,28.03
P00125,Product 125,Sports,91.48,25.44
P00126,Product 126,Books,103.05,158.67
P00127,Product 127,Home,36.26,180.54
P00128,Product 128,Home,353.69,88.8
P00129,Product 129,Beauty,266.27,96.87
P00130,Product 130,Clothing,44.49,56.39
P00131,Product 131,Beauty,474.75,123.9
P00132,Product 132,Home,444.28,121.61
P00133,Product 133,Electronics,196.07,159.69
P00134,Product 134,Home,140.27,184.81
P00135,Product 135,Electronics,168.18,157.89
P00136,Product 136,Beauty,277.87,126.03
P00137,Product 137,Garden,435.47,74.98
P00138,Product 138,Home,84.96,190.39
P00139,Product 139,Home,203.95,107.9
P00140,Product 140,Garden,267.99,87.72
P00141,Product 141,Sports,90.32,33.8
P00142,Product 142,Electronics,373.19,43.85
P00143,Product 143,Beauty,367.83,190.35
P00144,Product 144,Beauty,144.15,8.17
P00145,Product 145,Beauty,473.1,143.56
P00146,Product 146,Sports,383.91,89.83
P00147,Product 147,Beauty,196.61,93.47
P00148,Product 148,Home,429.02,160.61
P00149,Product 149,Home,33.63,54.21
P00150,Product 150,Electronics,19.67,132.59
P00151,Product 151,Beauty,442.2,12.22
P00152,Product 152,Beauty,476.52,25.52
P00153,Product 153,Toys,442.99,186.09
P00154,Product 154,Clothing,195.34,4.48
P00155,Product 155,Clothing,431.88,127.66
P00156,Product 156,Garden,444.26,12.79
P00157,Product 157,Books,303.72,12.86
P00158,Product 158,Sports,425.57,81.5
P00159,Product 159,Books,209.33,160.54
P00160,Product 160,Sports,24.15,156.64
P00161,Product 161,Books,431.04,129.38
P00162,Product 162,Beauty,470.99,109.37
P00163,Product 163,Home,169.1,94.05
P00164,Product 164,Home,413.71,96.17
P00165,Product 165,Electronics,174.19,192.43
P00166,Product 166,Beauty,339.03,103.15
P00167,Product 167,Electronics,485.72,95.7
P00168,Product 168,Electronics,294.02,174.81
P00169,Product 169,Electronics,69.11,106.17
P00170,Product 170,Sports,213.51,72.84
P00171,Product 171,Toys,184.65,192.43
P00172,Product 172,Sports,373.04,109.02
P00173,Product 173,Electronics,330.75,23.35
P00174,Product 174,Books,495.03,57.96
P00175,Product 175,Clothing,323.3,116.2
P00176,Product 176,Home,144.41,103.51
P00177,Product 177,Home,107.8,159.98
P00178,Product 178,Garden,318.02,139.94
P00179,Product 179,Toys,12.34,107.21
P00180,Product 180,Sports,418.18,170.26
P00181,Product 181,Electronics,223.4,17.47
P00182,Product 182,Electronics,365.49,161.15
P00183,Product 183,Garden,23.9,17.26
P00184,Product 184,Electronics,196.63,54.48
P00185,Product 185,Books,212.15,126.42
P00186,Product 186,Garden,291.31,112.37
P00187,Product 187,Toys,297.76,89.01
P00188,Product 188,Electronics,249.58,6.11
P00189,Product 189,Home,479.02,134.44
P00190,Product 190,Garden,372.77,188.44
P00191,Product 191,Clothing,315.48,184.15
P00192,Product 192,Electronics,245.17,37.73
P00193,Product 193,Electronics,22.38,70.14
P00194,Product 194,Beauty,423.07,82.12
P00195,Product 195,Books,193.52,16.66
P00196,Product 196,Garden,195.71,9.61
P00197,Product 197,Toys,375.3,179.54
P00198,Product 198,Sports,99.13,174.56
P00199,Product 199,Clothing,291.51,70.3
P00200,Product 200,Sports,118.69,3.68
P00201,Product 201,Electronics,414.34,120.5
P00202,Product 202,Books,76.66,34.03
P00203,Product 203,Beauty,277.88,153.62
P00204,Product 204,Books,73.04,136.68
P00205,Product 205,Sports,54.98,151.0
P00206,Product 206,Electronics,318.3,136.25
P00207,Product 207,Beauty,392.7,66.31
P00208,Product 208,Garden,73.98,131.62
P00209,Product 209,Clothing,52.03,98.29
P00210,Product 210,Toys,213.89,10.98
P00211,Product 211,Beauty,151.54,82.56
P00212,Product 212,Home,297.64,38.3
P00213,Product 213,Toys,25.34,93.75
P00214,Product 214,Garden,383.93,42.67
P00215,Product 215,Home,446.72,124.64
P00216,Product 216,Clothing,104.88,52.85
P00217,Product 217,Electronics,407.42,169.56
P00218,Product 218,Clothing,80.82,118.13
P00219,Product 219,Books,352.39,67.52
P00220,Product 220,Beauty,494.06,30.93
P00221,Product 221,Clothing,358.19,26.92
P00222,Product 222,Beauty,468.85,193.04
P00223,Product 223,Beauty,330.36,193.71
P00224,Product 224,Books,69.42,68.63
P00225,Product 225,Electronics,334.49,114.9
P00226,Product 226,Garden,445.34,177.7
P00227,Product 227,Books,499.88,73.06
P00228,Product 228,Garden,199.43,155.98
P00229,Product 229,Toys,477.45,168.86
P00230,Product 230,Books,15.21,144.41
P00231,Product 231,Beauty,374.19,104.03
P00232,Product 232,Clothing,114.52,149.7
P00233,Product 233,Sports,132.47,197.9
P00234,Product 234,Toys,201.02,103.36
P00235,Product 235,Toys,493.59,145.77
P00236,Product 236,Books,179.62,81.21
P00237,Product 237,Toys,324.39,4.47
P00238,Product 238,Toys,224.77,83.2
P00239,Product 239,Home,117.22,160.31
P00240,Product 240,Clothing,368.21,35.82
P00241,Product 241,Clothing,382.02,129.62
P00242,Product 242,Toys,163.42,116.53
P00243,Product 243,Books,91.25,81.22
P00244,Product 244,Books,128.96,3.72
P00245,Product 245,Sports,61.26,190.06
P00246,Product 246,Beauty,62.9,108.27
P00247,Product 247,Garden,94.58,169.0
P00248,Product 248,Beauty,286.16,72.18
P00249,Product 249,Home,409.02,101.24
P00250,Product 250,Clothing,315.59,198.92
P00251,Product 251,Sports,462.98,50.36
P00252,Product 252,Toys,93.95,182.34
P00253,Product 253,Books,7.1,150.19
P00254,Product 254,Toys,309.93,133.45
P00255,Product 255,Clothing,147.47,101.56
P00256,Product 256,Home,42.67,193.94
P00257,Product 257,Garden,473.6,142.07
P00258,Product 258,Beauty,390.74,26.14
P00259,Product 259,Beauty,313.23,168.27
P00260,Product 260,Home,494.4,121.29
P00261,Product 261,Clothing,191.73,132.61
P00262,Product 262,Garden,182.16,68.95
P00263,Product 263,Books,113.75,139.15
P00264,Product 264,Garden,319.39,115.08
P00265,Product 265,Books,247.11,180.52
P00266,Product 266,Sports,335.11,64.83
P00267,Product 267,Home,399.46,168.71
P00268,Product 268,Electronics,342.96,125.03
P00269,Product 269,Books,188.55,105.8
P00270,Product 270,Garden,27.14,24.19
P00271,Product 271,Electronics,344.63,2.16
P00272,Product 272,Beauty,205.37,55.03
P00273,Product 273,Toys,330.05,59.05
P00274,Product 274,Home,289.31,66.04
P00275,Product 275,Toys,276.25,50.32
P00276,Product 276,Clothing,341.34,160.24
P00277,Product 277,Toys,489.98,54.45
P00278,Product 278,Books,358.35,97.7
P00279,Product 279,Electronics,94.89,158.93
P00280,Product 280,Books,310.77,197.36
P00281,Product 281,Garden,375.6,117.77
P00282,Product 282,Books,496.0,112.56
P00283,Product 283,Toys,88.16,122.56
P00284,Product 284,Books,225.29,17.55
P00285,Product 285,Beauty,185.94,36.68
P00286,Product 286,Sports,348.04,109.45
P00287,Product 287,Books,66.59,147.59
P00288,Product 288,Home,350.14,29.08
P00289,Product 289,Clothing,78.71,173.87
P00290,Product 290,Electronics,287.18,16.23
P00291,Product 291,Sports,262.5,105.34
P00292,Product 292,Home,291.54,31.95
P00293,Product 293,Books,346.66,174.9
P00294,Product 294,Sports,493.92,140.8
P00295,Product 295,Home,492.52,156.34
P00296,Product 296,Books,112.61,30.42
P00297,Product 297,Clothing,148.84,119.35
P00298,Product 298,Sports,420.83,19.59
P00299,Product 299,Garden,457.26,39.25
P00300,Product 300,Beauty,401.92,6.7
P00301,Product 301,Sports,340.68,42.1
P00302,Product 302,Sports,480.76,36.97
P00303,Product 303,Beauty,455.68,95.84
P00304,Product 304,Toys,458.32,183.32
P00305,Product 305,Beauty,348.5,134.27
P00306,Product 306,Beauty,18.39,185.35
P00307,Product 307,Electronics,416.88,199.2
P00308,Product 308,Electronics,350.91,2.53
P00309,Product 309,Garden,192.38,9.41
P00310,Product 310,Sports,159.05,158.43
P00311,Product 311,Beauty,41.96,148.8
P00312,Product 312,Books,487.04,23.31
P00313,Product 313,Garden,198.9,113.28
P00314,Product 314,Beauty,440.94,54.66
P00315,Product 315,Toys,143.56,121.7
P00316,Product 316,Clothing,220.0,89.37
P00317,Product 317,Home,325.31,143.74
P00318,Product 318,Books,191.99,20.12
P00319,Product 319,Garden,476.18,84.85
P00320,Product 320,Home,495.82,170.7
P00321,Product 321,Beauty,29.76,44.12
P00322,Product 322,Electronics,368.74,60.01
P00323,Product 323,Books,382.84,8.27
P00324,Product 324,Garden,255.33,76.87
P00325,Product 325,Clothing,91.93,134.68
P00326,Product 326,Books,241.16,29.45
P00327,Product 327,Home,328.58,42.39
P00328,Product 328,Beauty,466.7,96.98
P00329,Product 329,Electronics,233.05,63.84
P00330,Product 330,Electronics,205.28,152.96
P00331,Product 331,Clothing,363.13,16.27
P00332,Product 332,Sports,380.93,28.97
P00333,Product 333,Home,496.04,177.63
P00334,Product 334,Clothing,123.61,66.73
P00335,Product 335,Home,228.69,179.51
P00336,Product 336,Home,333.34,103.86
P00337,Product 337,Garden,404.48,191.07
P00338,Product 338,Electronics,98.06,128.39
P00339,Product 339,Books,487.36,112.37
P00340,Product 340,Clothing,276.76,191.59
P00341,Product 341,Home,179.16,47.97
P00342,Product 342,Sports,305.27,90.87
P00343,Product 343,Beauty,116.67,84.27
P00344,Product 344,Electronics,220.57,153.08
P00345,Product 345,Sports,98.38,90.13
P00346,Product 346,Clothing,457.92,67.17
P00347,Product 347,Books,445.53,157.3
P00348,Product 348,Garden,101.86,57.2
P00349,Product 349,Toys,35.76,103.02
P00350,Product 350,Electronics,415.37,79.45
P00351,Product 351,Beauty,355.41,164.92
P00352,Product 352,Clothing,306.85,61.53
P00353,Product 353,Electronics,52.2,178.01
P00354,Product 354,Electronics,197.4,87.86
P00355,Product 355,Electronics,476.0,180.58
P00356,Product 356,Home,97.05,165.57
P00357,Product 357,Clothing,118.38,197.53
P00358,Product 358,Clothing,152.31,75.48
P00359,Product 359,Garden,278.47,89.24
P00360,Product 360,Clothing,19.3,78.26
P00361,Product 361,Beauty,288.14,60.88
P00362,Product 362,Electronics,279.33,16.46
P00363,Product 363,Toys,334.12,78.01
P00364,Product 364,Home,47.75,7.73
P00365,Product 365,Clothing,469.99,178.5
P00366,Product 366,Books,256.96,170.45
P00367,Product 367,Beauty,480.24,94.15
P00368,Product 368,Electronics,307.73,140.08
P00369,Product 369,Sports,150.94,199.64
P00370,Product 370,Home,30.0,121.71
P00371,Product 371,Books,463.35,51.89
P00372,Product 372,Beauty,187.97,131.16
P00373,Product 373,Sports,408.78,75.75
P00374,Product 374,Clothing,226.16,13.88
P00375,Product 375,Books,374.08,21.88
P00376,Product 376,Sports,403.26,73.48
P00377,Product 377,Toys,349.26,75.25
P00378,Product 378,Garden,92.55,42.23
P00379,Product 379,Books,386.6,35.05
P00380,Product 380,Clothing,240.72,198.04
P00381,Product 381,Sports,414.25,27.15
P00382,Product 382,Clothing,483.95,27.07
P00383,Product 383,Electronics,472.7,46.28
P00384,Product 384,Home,410.36,54.97
P00385,Product 385,Toys,361.31,20.88
P00386,Product 386,Clothing,298.21,131.12
P00387,Product 387,Beauty,64.97,56.91
P00388,Product 388,Garden,328.05,31.13
P00389,Product 389,Books,173.57,31.32
P00390,Product 390,Toys,120.12,131.9
P00391,Product 391,Clothing,374.71,16.31
P00392,Product 392,Clothing,283.57,42.02
P00393,Product 393,Home,243.83,123.66
P00394,Product 394,Home,182.0,198.9
P00395,Product 395,Books,27.86,173.14
P00396,Product 396,Books,115.75,194.81
P00397,Product 397,Garden,62.87,55.11
P00398,Product 398,Home,330.65,190.93
P00399,Product 399,Beauty,468.9,17.95
P00400,Product 400,Toys,476.54,154.77
P00401,Product 401,Clothing,460.72,64.36
P00402,Product 402,Garden,425.08,36.56
P00403,Product 403,Books,70.7,74.26
P00404,Product 404,Sports,467.81,31.19
P00405,Product 405,Home,365.91,78.37
P00406,Product 406,Home,277.8,91.13
P00407,Product 407,Garden,162.61,66.76
P00408,Product 408,Home,88.18,73.55
P00409,Product 409,Electronics,111.84,21.68
P00410,Product 410,Books,338.59,138.36
P00411,Product 411,Electronics,425.26,151.33
P00412,Product 412,Electronics,123.32,186.33
P00413,Product 413,Sports,477.51,42.78
P00414,Product 414,Electronics,415.8,109.86
P00415,Product 415,Sports,179.14,174.93
P00416,Product 416,Clothing,422.41,75.27
P00417,Product 417,Garden,62.06,125.65
P00418,Product 418,Garden,89.61,72.88
P00419,Product 419,Home,127.9,60.32
P00420,Product 420,Sports,257.37,138.4
P00421,Product 421,Garden,304.3,115.98
P00422,Product 422,Sports,103.96,133.07
P00423,Product 423,Clothing,410.17,136.51
P00424,Product 424,Clothing,117.34,25.68
P00425,Product 425,Home,440.85,71.67
P00426,Product 426,Sports,10.48,25.52
P00427,Product 427,Sports,297.86,58.68
P00428,Product 428,Books,455.29,135.46
P00429,Product 429,Electronics,245.43,85.31
P00430,Product 430,Home,225.43,150.33
P00431,Product 431,Sports,295.32,31.99
P00432,Product 432,Books,431.75,7.25
P00433,Product 433,Sports,189.03,162.29
P00434,Product 434,Toys,365.68,109.06
P00435,Product 435,Toys,379.11,50.6
P00436,Product 436,Clothing,201.37,56.78
P00437,Product 437,Electronics,188.18,63.82
P00438,Product 438,Beauty,296.34,31.02
P00439,Product 439,Clothing,462.0,97.08
P00440,Product 440,Home,116.35,151.58
P00441,Product 441,Home,74.78,99.65
P00442,Product 442,Clothing,81.87,12.27
P00443,Product 443,Books,403.22,185.13
P00444,Product 444,Clothing,107.03,103.16
P00445,Product 445,Electronics,63.82,114.95
P00446,Product 446,Sports,449.32,70.13
P00447,Product 447,Beauty,284.18,6.72
P00448,Product 448,Toys,476.76,34.07
P00449,Product 449,Clothing,334.11,15.35
P00450,Product 450,Sports,381.89,105.16
P00451,Product 451,Books,384.62,193.81
P00452,Product 452,Electronics,325.17,16.08
P00453,Product 453,Home,304.03,24.4
P00454,Product 454,Home,153.4,15.24
P00455,Product 455,Toys,226.75,195.66
P00456,Product 456,Books,20.97,38.27
P00457,Product 457,Home,334.41,40.91
P00458,Product 458,Electronics,433.27,189.25
P00459,Product 459,Beauty,338.93,73.26
P00460,Product 460,Books,24.0,100.53
P00461,Product 461,Books,492.65,50.13
P00462,Product 462,Garden,350.17,122.87
P00463,Product 463,Clothing,457.38,116.65
P00464,Product 464,Sports,145.74,101.42
P00465,Product 465,Electronics,411.38,68.89
P00466,Product 466,Beauty,365.05,60.17
P00467,Product 467,Garden,142.0,100.72
P00468,Product 468,Electronics,476.02,63.71
P00469,Product 469,Sports,111.25,190.37
P00470,Product 470,Books,65.21,128.23
P00471,Product 471,Garden,205.59,113.02
P00472,Product 472,Beauty,270.67,23.54
P00473,Product 473,Home,391.83,86.67
P00474,Product 474,Books,403.66,99.79
P00475,Product 475,Books,182.8,174.35
P00476,Product 476,Beauty,242.74,56.45
P00477,Product 477,Home,151.59,101.95
P00478,Product 478,Electronics,420.73,90.81
P00479,Product 479,Home,109.02,81.87
P00480,Product 480,Clothing,439.71,70.15
P00481,Product 481,Electronics,494.02,117.3
P00482,Product 482,Home,367.31,83.65
P00483,Product 483,Beauty,158.74,84.78
P00484,Product 484,Garden,462.35,106.87
P00485,Product 485,Clothing,176.15,125.53
P00486,Product 486,Sports,347.51,197.84
P00487,Product 487,Toys,175.65,89.04
P00488,Product 488,Toys,154.27,91.36
P00489,Product 489,Electronics,167.35,108.47
P00490,Product 490,Garden,243.16,38.3
P00491,Product 491,Beauty,98.23,125.96
P00492,Product 492,Books,155.24,122.47
P00493,Product 493,Sports,142.21,133.54
P00494,Product 494,Beauty,462.85,118.66
P00495,Product 495,Electronics,360.14,41.56
P00496,Product 496,Electronics,86.66,188.02
P00497,Product 497,Clothing,439.3,61.41
P00498,Product 498,Beauty,10.0,59.92
P00499,Product 499,Home,225.88,99.44
P00500,Product 500,Beauty,448.36,191.4
P00501,Product 501,Toys,130.39,155.11
P00502,Product 502,Electronics,276.61,105.67
P00503,Product 503,Toys,419.78,129.56
P00504,Product 504,Home,395.09,184.04
P00505,Product 505,Home,388.84,156.38
P00506,Product 506,Clothing,370.25,8.88
P00507,Product 507,Garden,229.93,164.85
P00508,Product 508,Home,169.38,113.31
P00509,Product 509,Toys,140.06,5.13
P00510,Product 510,Electronics,267.43,118.65
P00511,Product 511,Garden,460.58,66.1
P00512,Product 512,Beauty,33.46,104.12
P00513,Product 513,Clothing,474.74,41.08
P00514,Product 514,Garden,123.46,144.73
P00515,Product 515,Electronics,96.1,133.68
P00516,Product 516,Toys,132.7,62.92
P00517,Product 517,Sports,278.63,97.94
P00518,Product 518,Clothing,97.17,36.47
P00519,Product 519,Sports,358.74,32.5
P00520,Product 520,Sports,327.21,199.44
P00521,Product 521,Toys,475.89,76.68
P00522,Product 522,Toys,65.55,42.97
P00523,Product 523,Beauty,474.91,85.15
P00524,Product 524,Electronics,182.35,68.09
P00525,Product 525,Sports,481.53,181.79
P00526,Product 526,Sports,113.81,80.56
P00527,Product 527,Home,377.73,137.62
P00528,Product 528,Sports,94.77,188.73
P00529,Product 529,Clothing,498.39,199.61
P00530,Product 530,Home,487.55,20.36
P00531,Product 531,Electronics,271.91,74.7
P00532,Product 532,Garden,400.88,14.75
P00533,Product 533,Beauty,442.06,177.12
P00534,Product 534,Beauty,363.02,20.32
P00535,Product 535,Sports,355.44,30.63
P00536,Product 536,Sports,370.52,157.46
P00537,Product 537,Garden,452.39,123.55
P00538,Product 538,Clothing,365.75,144.69
P00539,Product 539,Beauty,269.39,69.41
P00540,Product 540,Beauty,403.34,153.48
P00541,Product 541,Electronics,395.45,37.69
P00542,Product 542,Sports,35.32,131.68
P00543,Product 543,Electronics,343.88,6.74
P00544,Product 544,Home,242.65,82.86
P00545,Product 545,Electronics,29.52,19.21
P00546,Product 546,Garden,107.64,191.98
P00547,Product 547,Sports,90.35,66.5
P00548,Product 548,Electronics,42.42,186.32
P00549,Product 549,Sports,288.35,128.86
P00550,Product 550,Clothing,115.9,36.95
P00551,Product 551,Toys,217.8,6.97
P00552,Product 552,Toys,258.99,62.58
P00553,Product 553,Beauty,42.59,149.39
P00554,Product 554,Toys,384.44,58.63
P00555,Product 555,Toys,19.33,79.3
P00556,Product 556,Clothing,43.59,70.49
P00557,Product 557,Books,279.32,81.77
P00558,Product 558,Home,387.35,158.9
P00559,Product 559,Clothing,245.21,143.21
P00560,Product 560,Toys,495.37,89.52
P00561,Product 561,Toys,389.01,198.42
P00562,Product 562,Beauty,232.47,86.96
P00563,Product 563,Home,73.95,102.77
P00564,Product 564,Clothing,19.35,142.96
P00565,Product 565,Clothing,52.24,182.1
P00566,Product 566,Home,5.67,20.23
P00567,Product 567,Sports,123.93,108.01
P00568,Product 568,Home,392.04,36.66
P00569,Product 569,Home,319.06,40.13
P00570,Product 570,Beauty,289.38,53.26
P00571,Product 571,Toys,372.84,149.56
P00572,Product 572,Garden,478.2,99.57
P00573,Product 573,Home,39.45,89.66
P00574,Product 574,Books,37.37,102.15
P00575,Product 575,Clothing,72.09,135.54
P00576,Product 576,Beauty,171.05,15.53
P00577,Product 577,Garden,357.84,110.5
P00578,Product 578,Books,497.76,143.59
P00579,Product 579,Home,59.07,76.67
P00580,Product 580,Beauty,75.42,173.23
P00581,Product 581,Sports,134.92,102.01
P00582,Product 582,Home,340.51,161.69
P00583,Product 583,Beauty,156.73,88.68
P00584,Product 584,Clothing,300.77,77.87
P00585,Product 585,Home,64.85,172.5
P00586,Product 586,Garden,338.31,41.79
P00587,Product 587,Books,107.89,169.75
P00588,Product 588,Toys,457.36,102.48
P00589,Product 589,Clothing,97.89,73.79
P00590,Product 590,Sports,477.68,160.2
P00591,Product 591,Home,327.11,156.38
P00592,Product 592,Electronics,235.54,144.8
P00593,Product 593,Electronics,156.61,190.08
P00594,Product 594,Books,459.8,52.47
P00595,Product 595,Books,36.12,97.65
P00596,Product 596,Toys,186.93,150.76
P00597,Product 597,Books,186.11,71.77
P00598,Product 598,Garden,495.06,23.22
P00599,Product 599,Beauty,415.78,198.43
P00600,Product 600,Garden,85.7,164.31
P00601,Product 601,Home,311.26,163.06
P00602,Product 602,Toys,297.13,187.42
P00603,Product 603,Beauty,48.31,24.09
P00604,Product 604,Toys,438.67,27.98
P00605,Product 605,Home,443.25,61.78
P00606,Product 606,Garden,115.59,9.62
P00607,Product 607,Beauty,139.82,140.98
P00608,Product 608,Beauty,288.67,182.57
P00609,Product 609,Beauty,411.4,115.61
P00610,Product 610,Garden,406.5,130.72
P00611,Product 611,Beauty,480.39,194.56
P00612,Product 612,Clothing,36.77,147.21
P00613,Product 613,Toys,75.12,24.81
P00614,Product 614,Garden,29.15,55.48
P00615,Product 615,Books,153.35,151.72
P00616,Product 616,Beauty,238.06,113.17
P00617,Product 617,Toys,243.28,98.43
P00618,Product 618,Beauty,29.31,54.28
P00619,Product 619,Toys,307.33,189.85
P00620,Product 620,Sports,322.92,24.67
P00621,Product 621,Books,421.59,58.26
P00622,Product 622,Garden,79.81,106.71
P00623,Product 623,Beauty,345.1,147.38
P00624,Product 624,Sports,265.82,127.74
P00625,Product 625,Home,247.71,149.35
P00626,Product 626,Electronics,115.37,149.58
P00627,Product 627,Clothing,390.26,172.82
P00628,Product 628,Books,488.96,33.1
P00629,Product 629,Toys,276.1,11.21
P00630,Product 630,Garden,432.98,115.74
P00631,Product 631,Clothing,259.32,153.58
P00632,Product 632,Home,494.3,47.72
P00633,Product 633,Books,166.38,37.7
P00634,Product 634,Beauty,318.36,176.11
P00635,Product 635,Electronics,194.43,38.81
P00636,Product 636,Sports,226.53,48.81
P00637,Product 637,Electronics,16.71,98.42
P00638,Product 638,Garden,452.39,161.95
P00639,Product 639,Electronics,320.31,25.83
P00640,Product 640,Books,264.53,104.13
P00641,Product 641,Books,318.64,59.62
P00642,Product 642,Electronics,301.24,148.77
P00643,Product 643,Toys,71.75,11.59
P00644,Product 644,Garden,323.31,85.68
P00645,Product 645,Clothing,317.13,141.55
P00646,Product 646,Books,458.25,22.65
P00647,Product 647,Clothing,479.77,72.48
P00648,Product 648,Clothing,488.53,22.68
P00649,Product 649,Sports,143.99,17.07
P00650,Product 650,Home,378.1,171.06
P00651,Product 651,Toys,327.33,32.73
P00652,Product 652,Clothing,382.13,59.02
P00653,Product 653,Beauty,37.56,54.26
P00654,Product 654,Garden,464.92,27.86
P00655,Product 655,Garden,234.01,141.5
P00656,Product 656,Clothing,209.81,36.65
P00657,Product 657,Sports,301.94,135.7
P00658,Product 658,Garden,451.21,187.35
P00659,Product 659,Home,194.91,154.46
P00660,Product 660,Clothing,102.96,165.41
P00661,Product 661,Sports,448.88,119.1
P00662,Product 662,Home,421.33,95.68
P00663,Product 663,Garden,413.66,195.65
P00664,Product 664,Sports,265.59,60.19
P00665,Product 665,Garden,52.53,107.33
P00666,Product 666,Clothing,405.88,182.05
P00667,Product 667,Sports,217.25,175.46
P00668,Product 668,Sports,363.96,27.76
P00669,Product 669,Books,239.21,173.23
P00670,Product 670,Electronics,95.64,186.55
P00671,Product 671,Sports,472.93,53.47
P00672,Product 672,Sports,428.84,22.04
P00673,Product 673,Beauty,457.41,46.94
P00674,Product 674,Books,467.08,97.61
P00675,Product 675,Home,271.49,64.03
P00676,Product 676,Toys,279.91,78.03
P00677,Product 677,Books,29.07,158.57
P00678,Product 678,Electronics,447.87,40.87
P00679,Product 679,Beauty,394.83,166.24
P00680,Product 680,Books,306.02,72.71
P00681,Product 681,Garden,438.04,184.57
P00682,Product 682,Electronics,150.39,117.42
P00683,Product 683,Electronics,370.53,14.93
P00684,Product 684,Garden,299.75,9.22
P00685,Product 685,Clothing,96.41,198.12
P00686,Product 686,Sports,184.41,87.3
P00687,Product 687,Beauty,286.13,3.56
P00688,Product 688,Home,322.18,190.99
P00689,Product 689,Electronics,494.44,198.37
P00690,Product 690,Garden,184.05,107.53
P00691,Product 691,Electronics,344.5,195.62
P00692,Product 692,Electronics,171.08,132.45
P00693,Product 693,Clothing,228.19,185.27
P00694,Product 694,Toys,18.36,138.04
P00695,Product 695,Toys,487.89,6.52
P00696,Product 696,Home,491.6,19.71
P00697,Product 697,Books,207.93,196.69
P00698,Product 698,Sports,338.69,178.13
P00699,Product 699,Beauty,36.73,74.1
P00700,Product 700,Home,147.59,121.68
P00701,Product 701,Toys,108.46,53.24
P00702,Product 702,Electronics,475.97,8.04
P00703,Product 703,Toys,153.76,2.43
P00704,Product 704,Toys,324.31,85.8
P00705,Product 705,Books,498.04,163.45
P00706,Product 706,Garden,176.77,140.59
P00707,Product 707,Books,321.88,15.4
P00708,Product 708,Clothing,46.08,76.98
P00709,Product 709,Clothing,301.42,113.7
P00710,Product 710,Electronics,45.22,109.88
P00711,Product 711,Sports,125.64,111.45
P00712,Product 712,Clothing,357.73,88.4
P00713,Product 713,Home,44.26,102.79
P00714,Product 714,Sports,384.64,101.37
P00715,Product 715,Sports,343.57,137.78
P00716,Product 716,Electronics,249.44,129.41
P00717,Product 717,Books,204.56,62.67
P00718,Product 718,Toys,445.13,172.65
P00719,Product 719,Home,151.69,49.83
P00720,Product 720,Home,145.26,150.23
P00721,Product 721,Sports,467.48,106.07
P00722,Product 722,Electronics,197.36,168.09
P00723,Product 723,Beauty,343.66,94.23
P00724,Product 724,Home,487.76,91.85
P00725,Product 725,Garden,317.71,126.42
P00726,Product 726,Clothing,13.89,94.37
P00727,Product 727,Garden,111.73,136.71
P00728,Product 728,Beauty,332.41,126.21
P00729,Product 729,Books,386.11,179.04
P00730,Product 730,Home,451.87,56.04
P00731,Product 731,Books,377.02,192.07
P00732,Product 732,Sports,406.01,47.22
P00733,Product 733,Clothing,31.3,40.31
P00734,Product 734,Books,432.75,138.81
P00735,Product 735,Electronics,228.64,123.06
P00736,Product 736,Clothing,96.26,66.63
P00737,Product 737,Garden,402.71,179.35
P00738,Product 738,Beauty,84.69,5.62
P00739,Product 739,Electronics,445.72,24.22
P00740,Product 740,Books,288.97,84.7
P00741,Product 741,Books,304.6,49.51
P00742,Product 742,Sports,278.03,17.85
P00743,Product 743,Garden,109.02,99.77
P00744,Product 744,Toys,441.39,61.9
P00745,Product 745,Sports,446.17,126.84
P00746,Product 746,Books,121.1,148.2
P00747,Product 747,Toys,479.43,65.89
P00748,Product 748,Home,443.82,194.74
P00749,Product 749,Clothing,335.49,143.53
P00750,Product 750,Electronics,39.13,107.8
P00751,Product 751,Clothing,275.29,103.08
P00752,Product 752,Beauty,9.62,189.19
P00753,Product 753,Clothing,146.7,44.98
P00754,Product 754,Beauty,191.01,100.33
P00755,Product 755,Toys,180.11,142.78
P00756,Product 756,Books,214.39,184.63
P00757,Product 757,Sports,161.17,109.81
P00758,Product 758,Electronics,49.98,27.48
P00759,Product 759,Home,115.55,16.95
P00760,Product 760,Electronics,118.27,57.04
P00761,Product 761,Electronics,204.96,163.61
P00762,Product 762,Clothing,455.36,109.92
P00763,Product 763,Home,342.51,37.24
P00764,Product 764,Garden,90.29,178.85
P00765,Product 765,Clothing,201.02,156.44
P00766,Product 766,Books,413.16,76.0
P00767,Product 767,Beauty,154.15,123.63
P00768,Product 768,Home,400.05,53.64
P00769,Product 769,Toys,70.6,148.59
P00770,Product 770,Books,420.37,135.49
P00771,Product 771,Sports,496.02,158.12
P00772,Product 772,Electronics,21.85,71.08
P00773,Product 773,Clothing,140.17,78.25
P00774,Product 774,Books,282.46,146.26
P00775,Product 775,Clothing,123.73,170.67
P00776,Product 776,Beauty,173.69,178.97
P00777,Product 777,Clothing,493.18,23.7
P00778,Product 778,Clothing,231.14,124.63
P00779,Product 779,Electronics,493.92,36.66
P00780,Product 780,Sports,375.49,107.89
P00781,Product 781,Electronics,124.81,76.43
P00782,Product 782,Toys,205.81,93.75
P00783,Product 783,Sports,260.73,62.02
P00784,Product 784,Garden,437.18,190.49
P00785,Product 785,Books,260.41,24.12
P00786,Product 786,Toys,468.48,197.13
P00787,Product 787,Sports,74.34,83.87
P00788,Product 788,Toys,112.72,145.41
P00789,Product 789,Clothing,327.66,18.01
P00790,Product 790,Electronics,220.9,180.79
P00791,Product 791,Beauty,104.52,157.85
P00792,Product 792,Home,28.37,15.59
P00793,Product 793,Beauty,130.69,48.38
P00794,Product 794,Beauty,66.78,165.14
P00795,Product 795,Books,210.98,165.7
P00796,Product 796,Sports,224.89,70.83
P00797,Product 797,Electronics,260.02,4.93
P00798,Product 798,Toys,94.4,50.4
P00799,Product 799,Beauty,279.6,194.8
P00800,Product 800,Books,339.9,102.14
P00801,Product 801,Beauty,194.03,108.01
P00802,Product 802,Toys,373.16,95.81
P00803,Product 803,Clothing,147.52,118.49
P00804,Product 804,Books,347.93,167.73
P00805,Product 805,Sports,361.37,61.88
P00806,Product 806,Garden,57.53,160.71
P00807,Product 807,Toys,394.51,63.88
P00808,Product 808,Electronics,273.41,8.74
P00809,Product 809,Home,56.31,16.05
P00810,Product 810,Garden,50.37,197.71
P00811,Product 811,Garden,456.37,149.22
P00812,Product 812,Home,70.13,119.94
P00813,Product 813,Home,363.08,20.81
P00814,Product 814,Garden,237.64,37.43
P00815,Product 815,Home,422.09,8.42
P00816,Product 816,Beauty,74.15,77.51
P00817,Product 817,Home,146.47,73.62
P00818,Product 818,Beauty,116.41,7.15
P00819,Product 819,Garden,134.37,81.71
P00820,Product 820,Books,18.25,2.05
P00821,Product 821,Sports,376.86,5.19
P00822,Product 822,Beauty,90.07,40.55
P00823,Product 823,Books,369.47,111.01
P00824,Product 824,Books,365.57,177.54
P00825,Product 825,Garden,444.4,171.62
P00826,Product 826,Beauty,402.58,132.94
P00827,Product 827,Garden,375.78,180.52
P00828,Product 828,Electronics,183.95,122.15
P00829,Product 829,Beauty,199.0,95.84
P00830,Product 830,Toys,477.74,186.32
P00831,Product 831,Books,457.81,90.4
P00832,Product 832,Home,9.2,185.14
P00833,Product 833,Clothing,284.78,189.71
P00834,Product 834,Home,240.97,82.2
P00835,Product 835,Books,133.2,107.33
P00836,Product 836,Sports,46.02,182.44
P00837,Product 837,Sports,279.84,165.39
P00838,Product 838,Home,110.53,68.86
P00839,Product 839,Electronics,458.18,74.35
P00840,Product 840,Home,438.43,52.67
P00841,Product 841,Electronics,14.99,182.46
P00842,Product 842,Beauty,340.7,28.77
P00843,Product 843,Clothing,482.53,152.99
P00844,Product 844,Sports,455.71,57.97
P00845,Product 845,Home,23.16,147.38
P00846,Product 846,Electronics,248.6,84.94
P00847,Product 847,Toys,237.36,107.26
P00848,Product 848,Books,189.23,71.4
P00849,Product 849,Garden,496.05,40.81
P00850,Product 850,Clothing,232.05,78.87
P00851,Product 851,Garden,394.26,115.55
P00852,Product 852,Electronics,498.5,13.12
P00853,Product 853,Home,347.64,81.18
P00854,Product 854,Electronics,187.13,141.12
P00855,Product 855,Sports,70.13,165.86
P00856,Product 856,Beauty,102.43,22.85
P00857,Product 857,Toys,110.21,101.46
P00858,Product 858,Clothing,468.47,137.17
P00859,Product 859,Beauty,84.59,12.32
P00860,Product 860,Clothing,76.24,154.58
P00861,Product 861,Home,434.84,196.0
P00862,Product 862,Home,401.8,85.64
P00863,Product 863,Sports,115.56,18.49
P00864,Product 864,Sports,222.0,76.25
P00865,Product 865,Clothing,407.24,165.24
P00866,Product 866,Home,256.19,62.12
P00867,Product 867,Home,256.12,57.72
P00868,Product 868,Toys,367.56,130.24
P00869,Product 869,Home,485.35,171.61
P00870,Product 870,Sports,414.33,113.46
P00871,Product 871,Beauty,72.88,68.8
P00872,Product 872,Clothing,473.94,166.93
P00873,Product 873,Electronics,375.34,159.65
P00874,Product 874,Beauty,6.35,10.49
P00875,Product 875,Books,9.37,133.65
P00876,Product 876,Sports,274.27,118.4
P00877,Product 877,Beauty,158.26,137.47
P00878,Product 878,Home,166.81,143.27
P00879,Product 879,Garden,137.4,17.75
P00880,Product 880,Sports,423.92,122.32
P00881,Product 881,Beauty,190.6,73.28
P00882,Product 882,Beauty,148.53,139.16
P00883,Product 883,Clothing,219.03,152.64
P00884,Product 884,Electronics,244.36,76.87
P00885,Product 885,Beauty,131.48,33.46
P00886,Product 886,Clothing,132.94,118.28
P00887,Product 887,Electronics,478.63,83.31
P00888,Product 888,Home,80.63,148.73
P00889,Product 889,Books,418.73,119.66
P00890,Product 890,Books,343.83,162.27
P00891,Product 891,Clothing,481.08,164.69
P00892,Product 892,Electronics,374.67,118.52
P00893,Product 893,Home,348.13,159.69
P00894,Product 894,Clothing,460.3,38.47
P00895,Product 895,Clothing,94.84,45.76
P00896,Product 896,Electronics,385.11,15.85
P00897,Product 897,Books,36.09,90.84
P00898,Product 898,Beauty,388.03,51.79
P00899,Product 899,Sports,72.27,14.4
P00900,Product 900,Toys,450.09,195.74
P00901,Product 901,Clothing,412.18,85.98
P00902,Product 902,Books,102.44,2.3
P00903,Product 903,Garden,216.03,170.51
P00904,Product 904,Toys,248.36,152.19
P00905,Product 905,Books,46.54,114.46
P00906,Product 906,Books,184.3,57.02
P00907,Product 907,Books,258.13,136.54
P00908,Product 908,Electronics,145.16,193.55
P00909,Product 909,Sports,248.45,119.92
P00910,Product 910,Garden,44.88,80.91
P00911,Product 911,Beauty,276.61,178.82
P00912,Product 912,Home,372.81,141.34
P00913,Product 913,Garden,243.86,100.8
P00914,Product 914,Sports,313.03,17.65
P00915,Product 915,Electronics,263.09,176.63
P00916,Product 916,Books,65.9,103.63
P00917,Product 917,Books,358.19,91.92
P00918,Product 918,Toys,99.02,150.92
P00919,Product 919,Books,247.78,183.26
P00920,Product 920,Home,51.0,68.29
P00921,Product 921,Toys,5.59,170.53
P00922,Product 922,Garden,444.01,42.98
P00923,Product 923,Books,228.37,164.55
P00924,Product 924,Clothing,101.77,165.79
P00925,Product 925,Sports,479.38,25.34
P00926,Product 926,Beauty,411.72,15.73
P00927,Product 927,Home,129.9,56.58
P00928,Product 928,Electronics,347.82,93.75
P00929,Product 929,Beauty,162.67,24.7
P00930,Product 930,Books,487.01,117.44
P00931,Product 931,Electronics,99.87,133.89
P00932,Product 932,Garden,454.84,36.48
P00933,Product 933,Clothing,497.51,59.35
P00934,Product 934,Toys,89.0,196.14
P00935,Product 935,Beauty,350.01,184.35
P00936,Product 936,Electronics,336.87,22.01
P00937,Product 937,Toys,485.06,91.18
P00938,Product 938,Sports,108.18,167.38
P00939,Product 939,Home,199.49,184.1
P00940,Product 940,Electronics,57.01,100.16
P00941,Product 941,Garden,428.56,65.11
P00942,Product 942,Electronics,156.13,94.61
P00943,Product 943,Toys,377.85,32.49
P00944,Product 944,Toys,292.01,124.67
P00945,Product 945,Garden,136.08,102.04
P00946,Product 946,Toys,245.64,21.85
P00947,Product 947,Home,257.07,120.63
P00948,Product 948,Home,442.04,66.95
P00949,Product 949,Sports,231.29,19.12
P00950,Product 950,Toys,5.9,102.23
P00951,Product 951,Sports,307.96,97.48
P00952,Product 952,Beauty,59.16,104.14
P00953,Product 953,Sports,360.74,59.29
P00954,Product 954,Electronics,393.29,106.84
P00955,Product 955,Garden,282.27,114.8
P00956,Product 956,Garden,115.28,72.46
P00957,Product 957,Beauty,429.73,58.22
P00958,Product 958,Books,430.33,67.31
P00959,Product 959,Beauty,153.55,150.12
P00960,Product 960,Toys,326.77,26.45
P00961,Product 961,Sports,154.2,180.06
P00962,Product 962,Garden,437.93,5.43
P00963,Product 963,Home,456.93,180.5
P00964,Product 964,Toys,300.96,182.14
P00965,Product 965,Sports,149.81,20.52
P00966,Product 966,Sports,104.97,158.92
P00967,Product 967,Electronics,415.8,166.45
P00968,Product 968,Garden,117.36,111.86
P00969,Product 969,Home,156.39,158.34
P00970,Product 970,Sports,371.85,138.9
P00971,Product 971,Home,339.76,57.28
P00972,Product 972,Electronics,147.49,87.81
P00973,Product 973,Sports,38.11,162.41
P00974,Product 974,Books,491.0,26.12
P00975,Product 975,Garden,310.0,65.57
P00976,Product 976,Sports,310.18,9.87
P00977,Product 977,Garden,84.67,110.37
P00978,Product 978,Clothing,285.93,188.07
P00979,Product 979,Toys,272.39,167.06
P00980,Product 980,Garden,25.97,63.35
P00981,Product 981,Books,72.88,156.89
P00982,Product 982,Home,206.92,27.15
P00983,Product 983,Sports,153.39,105.57
P00984,Product 984,Books,203.36,196.86
P00985,Product 985,Books,186.89,144.42
P00986,Product 986,Books,101.27,106.68
P00987,Product 987,Garden,68.44,85.01
P00988,Product 988,Clothing,146.62,50.36
P00989,Product 989,Home,186.59,193.57
P00990,Product 990,Garden,207.08,120.81
P00991,Product 991,Clothing,47.63,156.91
P00992,Product 992,Clothing,118.43,112.69
P00993,Product 993,Books,47.37,101.85
P00994,Product 994,Sports,266.36,143.66
P00995,Product 995,Electronics,119.68,20.83
P00996,Product 996,Garden,259.59,17.2
P00997,Product 997,Home,87.71,112.82
P00998,Product 998,Beauty,143.5,30.64
P00999,Product 999,Toys,419.44,149.29
P01000,Product 1000,Electronics,139.27,184.2
P01001,Product 1001,Beauty,209.91,47.32
P01002,Product 1002,Electronics,77.46,96.84
P01003,Product 1003,Home,143.88,25.69
P01004,Product 1004,Toys,459.03,87.65
P01005,Product 1005,Home,355.52,136.47
P01006,Product 1006,Garden,147.89,41.81
P01007,Product 1007,Clothing,374.04,71.51
P01008,Product 1008,Clothing,305.24,56.62
P01009,Product 1009,Home,380.72,24.21
P01010,Product 1010,Electronics,283.85,79.79
P01011,Product 1011,Books,112.29,156.61
P01012,Product 1012,Sports,24.2,57.83
P01013,Product 1013,Garden,374.36,67.2
P01014,Product 1014,Home,178.82,15.36
P01015,Product 1015,Electronics,46.03,24.3
P01016,Product 1016,Home,496.18,109.38
P01017,Product 1017,Sports,103.89,140.19
P01018,Product 1018,Sports,451.13,143.53
P01019,Product 1019,Electronics,200.4,34.1
P01020,Product 1020,Clothing,369.54,101.7
P01021,Product 1021,Garden,427.66,119.91
P01022,Product 1022,Toys,26.01,191.28
P01023,Product 1023,Toys,248.71,54.53
P01024,Product 1024,Toys,396.52,47.72
P01025,Product 1025,Beauty,140.02,114.9
P01026,Product 1026,Toys,241.36,169.64
P01027,Product 1027,Home,466.24,187.46
P01028,Product 1028,Garden,199.84,111.29
P01029,Product 1029,Beauty,455.19,88.46
P01030,Product 1030,Clothing,66.56,157.19
P01031,Product 1031,Sports,313.29,161.91
P01032,Product 1032,Electronics,344.47,155.88
P01033,Product 1033,Electronics,448.21,160.34
P01034,Product 1034,Clothing,210.34,189.87
P01035,Product 1035,Electronics,203.86,14.56
P01036,Product 1036,Electronics,338.89,176.14
P01037,Product 1037,Electronics,176.26,188.02
P01038,Product 1038,Clothing,353.07,181.33
P01039,Product 1039,Sports,351.64,199.87
P01040,Product 1040,Clothing,410.53,69.63
P01041,Product 1041,Beauty,85.41,106.15
P01042,Product 1042,Books,215.67,142.89
P01043,Product 1043,Clothing,165.06,194.37
P01044,Product 1044,Electronics,154.42,112.11
P01045,Product 1045,Books,197.45,146.32
P01046,Product 1046,Electronics,164.05,120.92
P01047,Product 1047,Garden,31.07,16.14
P01048,Product 1048,Electronics,148.42,177.46
P01049,Product 1049,Sports,283.39,185.71
P01050,Product 1050,Sports,274.34,127.16
P01051,Product 1051,Books,70.29,6.78
P01052,Product 1052,Sports,390.17,43.07
P01053,Product 1053,Beauty,404.79,49.87
P01054,Product 1054,Home,256.01,43.45
P01055,Product 1055,Home,285.23,88.17
P01056,Product 1056,Beauty,40.02,94.42
P01057,Product 1057,Beauty,184.21,52.36
P01058,Product 1058,Home,460.12,18.04
P01059,Product 1059,Clothing,64.88,19.77
P01060,Product 1060,Garden,97.55,170.41
P01061,Product 1061,Garden,443.2,163.18
P01062,Product 1062,Sports,410.49,124.51
P01063,Product 1063,Beauty,467.44,156.4
P01064,Product 1064,Beauty,392.73,189.36
P01065,Product 1065,Sports,160.56,102.26
P01066,Product 1066,Books,414.12,175.33
P01067,Product 1067,Electronics,388.79,154.34
P01068,Product 1068,Electronics,365.51,54.4
P01069,Product 1069,Books,86.11,188.87
P01070,Product 1070,Garden,200.09,133.04
P01071,Product 1071,Home,91.43,140.93
P01072,Product 1072,Beauty,188.28,75.91
P01073,Product 1073,Books,78.98,189.31
P01074,Product 1074,Home,308.11,40.02
P01075,Product 1075,Books,169.1,105.33
P01076,Product 1076,Sports,357.21,69.56
P01077,Product 1077,Sports,498.02,65.65
P01078,Product 1078,Garden,49.39,183.99
P01079,Product 1079,Sports,344.86,106.71
P01080,Product 1080,Beauty,144.21,97.6
P01081,Product 1081,Sports,222.13,12.73
P01082,Product 1082,Home,418.26,136.11
P01083,Product 1083,Clothing,317.5,45.97
P01084,Product 1084,Books,290.25,181.1
P01085,Product 1085,Clothing,428.09,40.56
P01086,Product 1086,Home,280.73,156.4
P01087,Product 1087,Toys,323.96,191.81
P01088,Product 1088,Books,350.18,67.26
P01089,Product 1089,Toys,446.59,64.98
P01090,Product 1090,Electronics,188.59,32.08
P01091,Product 1091,Books,309.75,39.85
P01092,Product 1092,Beauty,292.51,116.1
P01093,Product 1093,Beauty,125.74,100.52
P01094,Product 1094,Sports,378.72,15.09
P01095,Product 1095,Clothing,14.17,55.74
P01096,Product 1096,Garden,447.32,11.32
P01097,Product 1097,Garden,64.87,132.42
P01098,Product 1098,Electronics,331.6,13.62
P01099,Product 1099,Home,417.41,43.55
P01100,Product 1100,Toys,11.26,194.21
P01101,Product 1101,Beauty,156.33,131.61
P01102,Product 1102,Clothing,415.15,167.04
P01103,Product 1103,Toys,486.7,25.41
P01104,Product 1104,Books,283.85,151.6
P01105,Product 1105,Electronics,99.64,168.56
P01106,Product 1106,Beauty,72.16,27.76
P01107,Product 1107,Home,271.13,141.61
P01108,Product 1108,Toys,326.25,44.84
P01109,Product 1109,Beauty,196.01,107.54
P01110,Product 1110,Electronics,274.67,156.76
P01111,Product 1111,Books,174.03,44.75
P01112,Product 1112,Electronics,103.86,30.14
P01113,Product 1113,Beauty,444.95,136.69
P01114,Product 1114,Beauty,64.85,62.23
P01115,Product 1115,Toys,349.3,138.61
P01116,Product 1116,Garden,243.01,143.05
P01117,Product 1117,Toys,112.85,17.29
P01118,Product 1118,Electronics,302.0,151.33
P01119,Product 1119,Home,412.35,58.56
P01120,Product 1120,Garden,99.02,113.59
P01121,Product 1121,Toys,7.85,194.57
P01122,Product 1122,Clothing,460.3,181.18
P01123,Product 1123,Toys,263.3,83.67
P01124,Product 1124,Home,216.17,192.5
P01125,Product 1125,Sports,261.07,144.9
P01126,Product 1126,Beauty,292.64,176.87
P01127,Product 1127,Home,434.95,55.11
P01128,Product 1128,Home,117.76,195.21
P01129,Product 1129,Home,341.99,178.8
P01130,Product 1130,Home,120.65,11.11
P01131,Product 1131,Garden,248.25,154.73
P01132,Product 1132,Electronics,61.05,29.06
P01133,Product 1133,Clothing,264.09,133.2
P01134,Product 1134,Electronics,159.16,93.08
P01135,Product 1135,Garden,114.0,100.51
P01136,Product 1136,Clothing,196.82,117.81
P01137,Product 1137,Sports,86.21,153.95
P01138,Product 1138,Sports,111.41,161.69
P01139,Product 1139,Electronics,285.21,50.36
P01140,Product 1140,Clothing,75.85,112.11
P01141,Product 1141,Clothing,165.08,9.15
P01142,Product 1142,Beauty,418.44,88.84
P01143,Product 1143,Beauty,52.67,9.44
P01144,Product 1144,Clothing,59.33,61.51
P01145,Product 1145,Clothing,32.64,122.66
P01146,Product 1146,Books,422.01,152.43
P01147,Product 1147,Books,464.65,34.57
P01148,Product 1148,Sports,288.47,64.1
P01149,Product 1149,Electronics,90.32,85.75
P01150,Product 1150,Clothing,270.19,183.35
P01151,Product 1151,Books,467.65,102.91
P01152,Product 1152,Home,20.93,22.98
P01153,Product 1153,Clothing,193.13,112.88
P01154,Product 1154,Home,372.81,61.23
P01155,Product 1155,Toys,218.52,198.37
P01156,Product 1156,Books,483.61,115.02
P01157,Product 1157,Garden,305.81,40.56
P01158,Product 1158,Sports,457.9,66.09
P01159,Product 1159,Clothing,113.59,166.51
P01160,Product 1160,Garden,448.41,187.74
P01161,Product 1161,Clothing,254.39,84.33
P01162,Product 1162,Beauty,430.92,62.77
P01163,Product 1163,Beauty,344.17,113.55
P01164,Product 1164,Clothing,45.14,101.97
P01165,Product 1165,Sports,430.18,141.62
P01166,Product 1166,Garden,81.91,19.87
P01167,Product 1167,Beauty,365.6,79.32
P01168,Product 1168,Clothing,408.22,179.44
P01169,Product 1169,Electronics,252.98,27.81
P01170,Product 1170,Home,408.97,44.43
P01171,Product 1171,Books,75.12,176.07
P01172,Product 1172,Sports,329.07,92.22
P01173,Product 1173,Beauty,444.67,78.39
P01174,Product 1174,Beauty,63.71,116.68
P01175,Product 1175,Clothing,343.77,108.73
P01176,Product 1176,Toys,380.0,143.96
P01177,Product 1177,Garden,194.29,197.68
P01178,Product 1178,Books,103.12,183.45
P01179,Product 1179,Sports,363.85,10.35
P01180,Product 1180,Sports,65.41,7.43
P01181,Product 1181,Electronics,40.52,175.33
P01182,Product 1182,Toys,187.22,140.89
P01183,Product 1183,Sports,233.47,72.84
P01184,Product 1184,Home,290.36,131.44
P01185,Product 1185,Clothing,335.9,136.85
P01186,Product 1186,Clothing,105.65,163.77
P01187,Product 1187,Garden,83.82,12.19
P01188,Product 1188,Electronics,61.39,135.85
P01189,Product 1189,Garden,252.02,130.93
P01190,Product 1190,Garden,357.27,20.64
P01191,Product 1191,Sports,364.01,70.21
P01192,Product 1192,Sports,277.28,48.98
P01193,Product 1193,Sports,34.69,5.81
P01194,Product 1194,Home,99.45,21.41
P01195,Product 1195,Electronics,87.89,26.27
P01196,Product 1196,Toys,384.25,51.59
P01197,Product 1197,Sports,431.6,195.09
P01198,Product 1198,Toys,182.33,160.07
P01199,Product 1199,Toys,122.15,58.92
P01200,Product 1200,Electronics,376.77,78.26
P01201,Product 1201,Home,336.8,70.46
P01202,Product 1202,Beauty,226.41,182.82
P01203,Product 1203,Electronics,354.32,30.2
P01204,Product 1204,Electronics,340.37,15.64
P01205,Product 1205,Books,31.08,38.84
P01206,Product 1206,Toys,314.38,11.63
P01207,Product 1207,Toys,52.13,139.42
P01208,Product 1208,Electronics,166.61,67.85
P01209,Product 1209,Sports,280.53,130.95
P01210,Product 1210,Electronics,497.24,84.09
P01211,Product 1211,Toys,71.13,74.66
P01212,Product 1212,Clothing,44.6,78.52
P01213,Product 1213,Clothing,286.1,159.48
P01214,Product 1214,Electronics,342.61,154.68
P01215,Product 1215,Toys,10.02,141.76
P01216,Product 1216,Electronics,141.55,27.24
P01217,Product 1217,Sports,13.38,142.11
P01218,Product 1218,Clothing,314.88,126.46
P01219,Product 1219,Beauty,124.71,7.33
P01220,Product 1220,Clothing,419.44,104.03
P01221,Product 1221,Books,34.07,5.14
P01222,Product 1222,Toys,169.47,41.49
P01223,Product 1223,Garden,176.04,107.06
P01224,Product 1224,Toys,322.07,77.6
P01225,Product 1225,Toys,331.43,43.54
P01226,Product 1226,Books,457.47,195.51
P01227,Product 1227,Home,143.54,158.39
P01228,Product 1228,Home,96.01,167.26
P01229,Product 1229,Sports,396.43,106.32
P01230,Product 1230,Sports,31.91,97.72
P01231,Product 1231,Books,496.47,116.3
P01232,Product 1232,Home,325.52,195.86
P01233,Product 1233,Clothing,325.0,138.04
P01234,Product 1234,Clothing,281.6,179.71
P01235,Product 1235,Garden,263.95,144.95
P01236,Product 1236,Books,91.05,40.65
P01237,Product 1237,Sports,371.51,95.31
P01238,Product 1238,Beauty,145.94,136.14
P01239,Product 1239,Toys,22.3,9.22
P01240,Product 1240,Beauty,449.63,199.42
P01241,Product 1241,Toys,377.65,63.18
P01242,Product 1242,Toys,355.46,192.66
P01243,Product 1243,Home,166.56,121.04
P01244,Product 1244,Garden,248.46,80.18
P01245,Product 1245,Beauty,373.04,102.77
P01246,Product 1246,Beauty,56.87,13.07
P01247,Product 1247,Home,481.54,199.09
P01248,Product 1248,Home,374.21,120.19
P01249,Product 1249,Home,279.64,80.09
P01250,Product 1250,Books,345.96,53.87
P01251,Product 1251,Toys,100.31,94.78
P01252,Product 1252,Garden,310.6,9.64
P01253,Product 1253,Electronics,427.37,196.34
P01254,Product 1254,Electronics,438.4,68.4
P01255,Product 1255,Home,124.78,17.37
P01256,Product 1256,Garden,78.98,197.62
P01257,Product 1257,Clothing,239.12,144.2
P01258,Product 1258,Books,460.94,32.96
P01259,Product 1259,Garden,11.64,124.98
P01260,Product 1260,Toys,308.5,88.79
P01261,Product 1261,Clothing,209.37,161.93
P01262,Product 1262,Toys,463.35,91.91
P01263,Product 1263,Home,359.78,136.4
P01264,Product 1264,Sports,424.3,168.97
P01265,Product 1265,Books,134.15,195.27
P01266,Product 1266,Books,497.29,153.85
P01267,Product 1267,Toys,423.11,5.04
P01268,Product 1268,Toys,275.88,51.8
P01269,Product 1269,Books,473.87,51.36
P01270,Product 1270,Clothing,158.91,142.66
P01271,Product 1271,Sports,382.57,179.99
P01272,Product 1272,Home,353.35,92.55
P01273,Product 1273,Electronics,87.01,51.42
P01274,Product 1274,Books,190.17,93.63
P01275,Product 1275,Sports,113.85,137.57
P01276,Product 1276,Clothing,221.37,153.77
P01277,Product 1277,Clothing,357.21,49.82
P01278,Product 1278,Home,281.24,159.68
P01279,Product 1279,Home,347.86,97.43
P01280,Product 1280,Beauty,486.87,184.62
P01281,Product 1281,Clothing,130.55,68.37
P01282,Product 1282,Beauty,402.43,126.01
P01283,Product 1283,Toys,215.7,189.52
P01284,Product 1284,Garden,386.1,31.88
P01285,Product 1285,Home,175.79,91.89
P01286,Product 1286,Beauty,460.9,133.11
P01287,Product 1287,Toys,494.06,73.04
P01288,Product 1288,Clothing,459.88,103.05
P01289,Product 1289,Toys,316.56,31.63
P01290,Product 1290,Clothing,492.43,110.2
P01291,Product 1291,Sports,166.94,11.41
P01292,Product 1292,Garden,430.77,79.42
P01293,Product 1293,Clothing,467.52,133.93
P01294,Product 1294,Garden,213.39,35.64
P01295,Product 1295,Toys,121.12,187.63
P01296,Product 1296,Electronics,295.2,186.67
P01297,Product 1297,Books,427.9,183.95
P01298,Product 1298,Clothing,471.66,89.39
P01299,Product 1299,Clothing,371.08,75.84
P01300,Product 1300,Sports,20.98,125.85
P01301,Product 1301,Beauty,208.77,48.06
P01302,Product 1302,Books,75.67,134.0
P01303,Product 1303,Beauty,340.8,55.0
P01304,Product 1304,Toys,458.4,194.58
P01305,Product 1305,Toys,431.23,9.54
P01306,Product 1306,Toys,389.7,17.91
P01307,Product 1307,Garden,418.33,12.05
P01308,Product 1308,Clothing,109.42,174.72
P01309,Product 1309,Clothing,204.27,168.2
P01310,Product 1310,Garden,370.95,148.47
P01311,Product 1311,Garden,102.38,130.2
P01312,Product 1312,Books,22.21,41.33
P01313,Product 1313,Toys,240.19,87.49
P01314,Product 1314,Clothing,484.49,136.71
P01315,Product 1315,Sports,219.52,141.46
P01316,Product 1316,Toys,88.25,10.28
P01317,Product 1317,Electronics,162.67,63.35
P01318,Product 1318,Garden,302.18,55.91
P01319,Product 1319,Books,299.56,75.63
P01320,Product 1320,Beauty,413.31,99.03
P01321,Product 1321,Toys,73.34,2.33
P01322,Product 1322,Books,370.85,197.43
P01323,Product 1323,Clothing,123.85,119.75
P01324,Product 1324,Books,228.91,169.01
P01325,Product 1325,Toys,462.99,196.76
P01326,Product 1326,Toys,157.41,99.3
P01327,Product 1327,Beauty,179.43,198.38
P01328,Product 1328,Books,135.45,139.23
P01329,Product 1329,Clothing,338.58,115.91
P01330,Product 1330,Beauty,68.56,185.37
P01331,Product 1331,Sports,321.63,157.58
P01332,Product 1332,Beauty,282.28,189.89
P01333,Product 1333,Garden,268.39,90.1
P01334,Product 1334,Beauty,95.01,131.38
P01335,Product 1335,Garden,343.58,112.0
P01336,Product 1336,Toys,409.12,94.82
P01337,Product 1337,Garden,278.34,115.16
P01338,Product 1338,Garden,361.28,43.82
P01339,Product 1339,Home,417.43,7.72
P01340,Product 1340,Toys,166.32,178.42
P01341,Product 1341,Clothing,106.93,32.99
P01342,Product 1342,Electronics,93.73,196.57
P01343,Product 1343,Sports,34.67,106.39
P01344,Product 1344,Books,463.84,127.39
P01345,Product 1345,Electronics,224.01,153.73
P01346,Product 1346,Beauty,312.26,95.81
P01347,Product 1347,Toys,49.26,18.39
P01348,Product 1348,Garden,438.69,191.53
P01349,Product 1349,Garden,12.46,16.99
P01350,Product 1350,Garden,341.16,82.25
P01351,Product 1351,Clothing,189.06,189.38
P01352,Product 1352,Books,455.12,101.73
P01353,Product 1353,Electronics,394.3,192.32
P01354,Product 1354,Beauty,199.81,71.32
P01355,Product 1355,Electronics,452.95,86.97
P01356,Product 1356,Garden,319.64,58.75
P01357,Product 1357,Books,144.99,95.77
P01358,Product 1358,Home,253.82,182.11
P01359,Product 1359,Toys,149.58,110.94
P01360,Product 1360,Garden,92.1,13.01
P01361,Product 1361,Books,245.3,27.1
P01362,Product 1362,Sports,401.8,66.73
P01363,Product 1363,Home,469.78,127.77
P01364,Product 1364,Clothing,221.74,172.3
P01365,Product 1365,Home,404.01,31.16
P01366,Product 1366,Toys,83.16,75.55
P01367,Product 1367,Beauty,280.0,146.94
P01368,Product 1368,Clothing,480.43,98.97
P01369,Product 1369,Clothing,367.56,159.86
P01370,Product 1370,Books,498.3,150.01
P01371,Product 1371,Electronics,95.35,5.94
P01372,Product 1372,Toys,438.19,23.07
P01373,Product 1373,Books,264.45,73.58
P01374,Product 1374,Toys,392.31,35.24
P01375,Product 1375,Electronics,311.05,31.32
P01376,Product 1376,Home,369.18,70.37
P01377,Product 1377,Beauty,325.4,15.07
P01378,Product 1378,Garden,285.56,55.75
P01379,Product 1379,Sports,37.18,17.09
P01380,Product 1380,Beauty,452.11,178.49
P01381,Product 1381,Electronics,316.23,162.61
P01382,Product 1382,Sports,198.32,22.52
P01383,Product 1383,Beauty,74.09,52.93
P01384,Product 1384,Sports,367.12,159.14
P01385,Product 1385,Garden,389.44,137.05
P01386,Product 1386,Clothing,221.76,111.16
P01387,Product 1387,Toys,317.91,34.93
P01388,Product 1388,Electronics,342.09,50.17
P01389,Product 1389,Home,262.39,49.13
P01390,Product 1390,Garden,154.66,147.3
P01391,Product 1391,Clothing,456.61,28.72
P01392,Product 1392,Beauty,404.3,46.7
P01393,Product 1393,Home,404.9,86.08
P01394,Product 1394,Electronics,42.59,174.99
P01395,Product 1395,Beauty,401.51,40.01
P01396,Product 1396,Beauty,140.3,107.98
P01397,Product 1397,Home,176.48,3.01
P01398,Product 1398,Garden,402.89,141.51
P01399,Product 1399,Sports,350.17,187.99
P01400,Product 1400,Clothing,475.86,82.75
P01401,Product 1401,Home,404.6,70.66
P01402,Product 1402,Electronics,480.04,55.1
P01403,Product 1403,Garden,135.12,31.46
P01404,Product 1404,Toys,103.67,56.86
P01405,Product 1405,Beauty,340.95,184.06
P01406,Product 1406,Toys,97.92,154.2
P01407,Product 1407,Beauty,9.8,181.97
P01408,Product 1408,Sports,478.75,2.39
P01409,Product 1409,Books,98.93,185.37
P01410,Product 1410,Books,344.3,51.74
P01411,Product 1411,Beauty,406.04,62.29
P01412,Product 1412,Books,162.6,35.15
P01413,Product 1413,Garden,97.34,138.0
P01414,Product 1414,Home,70.17,143.53
P01415,Product 1415,Electronics,52.26,104.64
P01416,Product 1416,Beauty,141.12,138.25
P01417,Product 1417,Garden,77.81,180.54
P01418,Product 1418,Books,432.54,124.27
P01419,Product 1419,Garden,52.37,80.04
P01420,Product 1420,Sports,31.28,76.08
P01421,Product 1421,Home,280.4,156.22
P01422,Product 1422,Sports,417.22,13.4
P01423,Product 1423,Beauty,380.69,9.22
P01424,Product 1424,Clothing,372.53,183.38
P01425,Product 1425,Electronics,139.99,6.16
P01426,Product 1426,Beauty,382.71,113.3
P01427,Product 1427,Electronics,54.95,99.75
P01428,Product 1428,Clothing,242.72,7.47
P01429,Product 1429,Home,88.19,21.1
P01430,Product 1430,Beauty,207.71,156.98
P01431,Product 1431,Clothing,416.62,85.55
P01432,Product 1432,Garden,95.91,60.82
P01433,Product 1433,Sports,334.81,109.94
P01434,Product 1434,Sports,120.0,36.29
P01435,Product 1435,Home,345.81,133.78
P01436,Product 1436,Toys,474.23,173.0
P01437,Product 1437,Sports,12.05,172.13
P01438,Product 1438,Toys,109.03,78.26
P01439,Product 1439,Electronics,141.27,147.36
P01440,Product 1440,Toys,95.05,182.91
P01441,Product 1441,Toys,51.02,180.2
P01442,Product 1442,Books,278.25,84.03
P01443,Product 1443,Beauty,309.83,198.88
P01444,Product 1444,Garden,353.69,94.29
P01445,Product 1445,Home,492.39,135.33
P01446,Product 1446,Sports,133.06,81.0
P01447,Product 1447,Beauty,362.96,195.61
P01448,Product 1448,Sports,119.48,166.61
P01449,Product 1449,Books,328.4,176.54
P01450,Product 1450,Books,364.21,140.23
P01451,Product 1451,Toys,45.72,90.68
P01452,Product 1452,Home,266.97,156.92
P01453,Product 1453,Books,350.48,26.74
P01454,Product 1454,Books,14.78,95.28
P01455,Product 1455,Beauty,348.97,84.52
P01456,Product 1456,Toys,272.62,105.52
P01457,Product 1457,Home,387.81,15.81
P01458,Product 1458,Beauty,369.59,140.71
P01459,Product 1459,Home,241.25,173.27
P01460,Product 1460,Sports,135.17,90.09
P01461,Product 1461,Clothing,153.65,79.8
P01462,Product 1462,Books,8.91,116.5
P01463,Product 1463,Home,435.51,47.81
P01464,Product 1464,Books,410.63,169.4
P01465,Product 1465,Beauty,413.09,140.95
P01466,Product 1466,Sports,247.91,84.09
P01467,Product 1467,Garden,476.12,121.03
P01468,Product 1468,Electronics,127.11,117.99
P01469,Product 1469,Toys,169.63,73.56
P01470,Product 1470,Books,327.11,132.97
P01471,Product 1471,Garden,141.08,139.67
P01472,Product 1472,Electronics,31.38,181.28
P01473,Product 1473,Books,94.97,95.95
P01474,Product 1474,Sports,302.72,8.88
P01475,Product 1475,Sports,168.17,158.58
P01476,Product 1476,Garden,169.52,60.75
P01477,Product 1477,Home,310.71,34.22
P01478,Product 1478,Beauty,256.38,9.32
P01479,Product 1479,Clothing,189.03,7.14
P01480,Product 1480,Sports,113.71,159.8
P01481,Product 1481,Clothing,346.39,104.56
P01482,Product 1482,Books,242.55,36.3
P01483,Product 1483,Garden,467.74,68.65
P01484,Product 1484,Electronics,299.85,54.8
P01485,Product 1485,Books,373.81,31.87
P01486,Product 1486,Toys,14.93,154.35
P01487,Product 1487,Toys,390.38,19.38
P01488,Product 1488,Books,124.41,195.3
P01489,Product 1489,Clothing,410.06,126.74
P01490,Product 1490,Electronics,447.87,167.86
P01491,Product 1491,Electronics,342.01,40.81
P01492,Product 1492,Sports,248.62,185.5
P01493,Product 1493,Garden,100.53,102.96
P01494,Product 1494,Sports,340.48,179.56
P01495,Product 1495,Electronics,305.64,41.55
P01496,Product 1496,Toys,301.82,15.15
P01497,Product 1497,Home,261.97,55.27
P01498,Product 1498,Books,187.44,67.78
P01499,Product 1499,Home,70.79,133.55
P01500,Product 1500,Clothing,41.04,190.91
P01501,Product 1501,Beauty,169.38,13.02
P01502,Product 1502,Toys,243.41,33.27
P01503,Product 1503,Home,66.54,48.14
P01504,Product 1504,Books,497.6,119.2
P01505,Product 1505,Books,471.2,19.43
P01506,Product 1506,Sports,13.24,97.86
P01507,Product 1507,Beauty,450.66,142.29
P01508,Product 1508,Books,472.6,165.26
P01509,Product 1509,Garden,38.64,148.9
P01510,Product 1510,Sports,235.53,117.08
P01511,Product 1511,Sports,494.29,44.51
P01512,Product 1512,Toys,151.29,72.25
P01513,Product 1513,Garden,436.91,137.01
P01514,Product 1514,Sports,421.04,12.44
P01515,Product 1515,Toys,230.2,8.54
P01516,Product 1516,Electronics,374.74,22.57
P01517,Product 1517,Garden,422.94,83.79
P01518,Product 1518,Toys,243.66,175.03
P01519,Product 1519,Electronics,16.38,70.73
P01520,Product 1520,Electronics,38.45,179.33
P01521,Product 1521,Toys,190.86,84.6
P01522,Product 1522,Clothing,21.06,138.37
P01523,Product 1523,Home,82.58,111.47
P01524,Product 1524,Garden,181.2,23.65
P01525,Product 1525,Sports,35.32,141.02
P01526,Product 1526,Garden,155.44,68.49
P01527,Product 1527,Beauty,82.74,8.93
P01528,Product 1528,Home,421.87,11.14
P01529,Product 1529,Books,46.11,112.4
P01530,Product 1530,Garden,464.08,197.28
P01531,Product 1531,Books,22.27,65.19
P01532,Product 1532,Electronics,43.89,159.89
P01533,Product 1533,Clothing,427.44,118.44
P01534,Product 1534,Garden,418.84,186.17
P01535,Product 1535,Clothing,69.42,129.53
P01536,Product 1536,Beauty,116.44,87.59
P01537,Product 1537,Beauty,271.87,152.2
P01538,Product 1538,Toys,202.02,105.89
P01539,Product 1539,Home,96.2,193.5
P01540,Product 1540,Electronics,60.72,109.34
P01541,Product 1541,Clothing,427.13,91.05
P01542,Product 1542,Electronics,470.99,21.59
P01543,Product 1543,Sports,275.14,197.63
P01544,Product 1544,Home,334.98,143.4
P01545,Product 1545,Sports,177.23,36.36
P01546,Product 1546,Toys,335.14,180.39
P01547,Product 1547,Books,471.75,92.31
P01548,Product 1548,Garden,356.82,125.18
P01549,Product 1549,Clothing,334.29,98.47
P01550,Product 1550,Electronics,378.78,73.57
P01551,Product 1551,Beauty,365.53,81.9
P01552,Product 1552,Garden,280.49,23.56
P01553,Product 1553,Electronics,154.62,162.62
P01554,Product 1554,Sports,56.58,113.26
P01555,Product 1555,Electronics,227.33,3.59
P01556,Product 1556,Electronics,375.95,29.85
P01557,Product 1557,Home,455.81,85.96
P01558,Product 1558,Books,49.5,120.92
P01559,Product 1559,Toys,86.09,132.94
P01560,Product 1560,Garden,130.54,78.69
P01561,Product 1561,Beauty,119.37,170.46
P01562,Product 1562,Clothing,457.29,158.58
P01563,Product 1563,Beauty,273.5,32.87
P01564,Product 1564,Toys,339.93,175.57
P01565,Product 1565,Electronics,61.09,34.21
P01566,Product 1566,Beauty,5.84,109.15
P01567,Product 1567,Electronics,477.94,134.76
P01568,Product 1568,Books,234.84,149.02
P01569,Product 1569,Garden,32.24,186.06
P01570,Product 1570,Sports,228.94,27.17
P01571,Product 1571,Toys,338.19,79.13
P01572,Product 1572,Garden,334.97,92.86
P01573,Product 1573,Clothing,169.93,31.23
P01574,Product 1574,Beauty,334.3,37.33
P01575,Product 1575,Beauty,117.9,99.37
P01576,Product 1576,Books,102.98,182.64
P01577,Product 1577,Beauty,255.78,181.16
P01578,Product 1578,Books,325.84,117.89
P01579,Product 1579,Sports,66.38,40.04
P01580,Product 1580,Beauty,353.32,152.82
P01581,Product 1581,Beauty,236.13,74.27
P01582,Product 1582,Books,175.7,138.53
P01583,Product 1583,Electronics,447.22,199.28
P01584,Product 1584,Books,13.9,3.24
P01585,Product 1585,Sports,71.66,42.85
P01586,Product 1586,Home,279.95,131.13
P01587,Product 1587,Home,31.62,107.3
P01588,Product 1588,Beauty,317.72,117.12
P01589,Product 1589,Clothing,379.78,22.3
P01590,Product 1590,Toys,333.07,71.03
P01591,Product 1591,Home,326.48,192.49
P01592,Product 1592,Books,497.33,152.4
P01593,Product 1593,Clothing,340.94,123.62
P01594,Product 1594,Garden,118.38,26.39
P01595,Product 1595,Garden,140.24,107.1
P01596,Product 1596,Electronics,465.25,78.92
P01597,Product 1597,Toys,272.56,99.2
P01598,Product 1598,Toys,459.36,188.24
P01599,Product 1599,Beauty,247.58,195.32
P01600,Product 1600,Home,465.41,157.5
P01601,Product 1601,Clothing,70.99,138.02
P01602,Product 1602,Beauty,374.69,57.1
P01603,Product 1603,Home,281.78,135.65
P01604,Product 1604,Clothing,426.84,46.22
P01605,Product 1605,Clothing,310.35,146.32
P01606,Product 1606,Sports,66.81,47.45
P01607,Product 1607,Garden,287.48,48.11
P01608,Product 1608,Sports,401.28,171.25
P01609,Product 1609,Books,312.61,127.9
P01610,Product 1610,Garden,149.9,138.51
P01611,Product 1611,Home,405.87,113.93
P01612,Product 1612,Sports,217.91,56.16
P01613,Product 1613,Home,288.98,64.39
P01614,Product 1614,Toys,398.75,110.86
P01615,Product 1615,Books,262.53,9.53
P01616,Product 1616,Garden,174.83,93.57
P01617,Product 1617,Beauty,325.04,151.2
P01618,Product 1618,Electronics,139.19,90.44
P01619,Product 1619,Electronics,100.96,183.46
P01620,Product 1620,Toys,365.86,81.44
P01621,Product 1621,Toys,412.92,102.56
P01622,Product 1622,Sports,337.65,96.26
P01623,Product 1623,Garden,498.85,123.45
P01624,Product 1624,Sports,340.35,6.32
P01625,Product 1625,Clothing,177.05,24.18
P01626,Product 1626,Toys,342.03,164.83
P01627,Product 1627,Books,23.9,142.44
P01628,Product 1628,Sports,173.39,70.06
P01629,Product 1629,Clothing,24.4,174.62
P01630,Product 1630,Garden,381.59,19.01
P01631,Product 1631,Toys,74.16,96.7
P01632,Product 1632,Electronics,484.28,35.06
P01633,Product 1633,Home,241.48,33.51
P01634,Product 1634,Toys,373.63,132.57
P01635,Product 1635,Books,313.8,163.86
P01636,Product 1636,Garden,335.97,148.24
P01637,Product 1637,Home,181.91,72.19
P01638,Product 1638,Books,463.51,32.43
P01639,Product 1639,Clothing,400.45,165.62
P01640,Product 1640,Garden,122.82,10.06
P01641,Product 1641,Garden,289.46,53.53
P01642,Product 1642,Electronics,138.97,197.48
P01643,Product 1643,Home,36.9,53.93
P01644,Product 1644,Clothing,109.29,57.57
P01645,Product 1645,Clothing,350.11,43.52
P01646,Product 1646,Clothing,492.71,188.95
P01647,Product 1647,Clothing,153.72,109.42
P01648,Product 1648,Books,427.4,88.82
P01649,Product 1649,Clothing,77.02,169.46
P01650,Product 1650,Toys,153.51,71.3
P01651,Product 1651,Home,281.02,182.03
P01652,Product 1652,Garden,427.92,165.14
P01653,Product 1653,Garden,110.66,121.4
P01654,Product 1654,Toys,56.94,76.48
P01655,Product 1655,Clothing,435.92,194.75
P01656,Product 1656,Home,232.4,160.26
P01657,Product 1657,Toys,302.67,65.46
P01658,Product 1658,Clothing,29.86,30.87
P01659,Product 1659,Home,481.01,6.35
P01660,Product 1660,Home,385.35,174.3
P01661,Product 1661,Books,276.45,92.7
P01662,Product 1662,Beauty,117.2,45.99
P01663,Product 1663,Home,274.11,134.27
P01664,Product 1664,Sports,447.64,177.11
P01665,Product 1665,Toys,261.33,22.08
P01666,Product 1666,Toys,355.3,110.06
P01667,Product 1667,Books,245.92,128.07
P01668,Product 1668,Electronics,118.94,106.73
P01669,Product 1669,Beauty,372.47,163.08
P01670,Product 1670,Garden,410.8,13.41
P01671,Product 1671,Toys,222.58,109.93
P01672,Product 1672,Garden,349.13,55.04
P01673,Product 1673,Garden,113.66,171.43
P01674,Product 1674,Toys,49.3,7.79
P01675,Product 1675,Garden,362.73,71.44
P01676,Product 1676,Garden,128.66,125.32
P01677,Product 1677,Garden,287.38,42.75
P01678,Product 1678,Clothing,196.88,16.41
P01679,Product 1679,Sports,112.67,119.47
P01680,Product 1680,Toys,15.73,88.28
P01681,Product 1681,Beauty,140.48,127.21
P01682,Product 1682,Books,188.15,109.55
P01683,Product 1683,Home,52.8,107.37
P01684,Product 1684,Home,388.25,92.91
P01685,Product 1685,Books,235.74,39.85
P01686,Product 1686,Books,210.88,22.43
P01687,Product 1687,Clothing,9.27,102.09
P01688,Product 1688,Toys,349.91,108.08
P01689,Product 1689,Clothing,305.76,166.86
P01690,Product 1690,Garden,189.08,69.47
P01691,Product 1691,Books,247.38,44.18
P01692,Product 1692,Electronics,142.87,130.55
P01693,Product 1693,Home,260.05,144.02
P01694,Product 1694,Home,217.17,70.51
P01695,Product 1695,Home,113.69,108.27
P01696,Product 1696,Books,116.97,183.7
P01697,Product 1697,Home,318.24,66.15
P01698,Product 1698,Sports,109.2,109.13
P01699,Product 1699,Sports,92.99,168.94
P01700,Product 1700,Electronics,190.08,111.29
P01701,Product 1701,Home,462.08,174.18
P01702,Product 1702,Toys,371.61,162.6
P01703,Product 1703,Home,220.06,37.26
P01704,Product 1704,Home,441.54,92.44
P01705,Product 1705,Toys,66.44,106.23
P01706,Product 1706,Clothing,123.28,63.6
P01707,Product 1707,Home,8.36,75.07
P01708,Product 1708,Home,368.61,188.6
P01709,Product 1709,Sports,211.65,151.52
P01710,Product 1710,Garden,245.42,106.44
P01711,Product 1711,Home,9.93,194.08
P01712,Product 1712,Garden,144.79,19.76
P01713,Product 1713,Home,188.75,144.82
P01714,Product 1714,Home,390.2,182.76
P01715,Product 1715,Garden,256.54,89.13
P01716,Product 1716,Toys,70.41,136.98
P01717,Product 1717,Garden,181.44,165.36
P01718,Product 1718,Toys,224.86,8.34
P01719,Product 1719,Electronics,51.4,15.74
P01720,Product 1720,Beauty,44.21,157.48
P01721,Product 1721,Books,126.57,28.39
P01722,Product 1722,Beauty,33.64,62.4
P01723,Product 1723,Sports,206.65,166.57
P01724,Product 1724,Electronics,412.15,48.86
P01725,Product 1725,Clothing,382.11,58.67
P01726,Product 1726,Beauty,244.45,118.29
P01727,Product 1727,Home,217.72,118.97
P01728,Product 1728,Sports,318.78,163.33
P01729,Product 1729,Sports,468.57,54.79
P01730,Product 1730,Clothing,268.41,98.03
P01731,Product 1731,Clothing,64.65,154.41
P01732,Product 1732,Beauty,386.17,91.03
P01733,Product 1733,Toys,365.31,160.89
P01734,Product 1734,Books,52.22,57.41
P01735,Product 1735,Beauty,156.91,112.58
P01736,Product 1736,Sports,444.27,27.13
P01737,Product 1737,Sports,301.02,156.61
P01738,Product 1738,Home,360.83,103.95
P01739,Product 1739,Sports,323.0,134.19
P01740,Product 1740,Toys,341.61,95.2
P01741,Product 1741,Books,28.82,87.89
P01742,Product 1742,Beauty,408.81,60.72
P01743,Product 1743,Toys,394.23,40.48
P01744,Product 1744,Garden,184.63,111.08
P01745,Product 1745,Sports,94.78,153.47
P01746,Product 1746,Toys,35.21,114.55
P01747,Product 1747,Clothing,87.73,26.23
P01748,Product 1748,Garden,409.83,102.39
P01749,Product 1749,Garden,330.11,183.53
P01750,Product 1750,Clothing,32.34,169.91
P01751,Product 1751,Toys,162.37,160.13
P01752,Product 1752,Electronics,307.55,33.18
P01753,Product 1753,Beauty,380.1,116.6
P01754,Product 1754,Garden,160.31,192.25
P01755,Product 1755,Garden,444.27,173.51
P01756,Product 1756,Toys,179.03,56.88
P01757,Product 1757,Clothing,344.38,29.52
P01758,Product 1758,Electronics,303.88,147.06
P01759,Product 1759,Books,229.56,72.38
P01760,Product 1760,Garden,367.15,29.16
P01761,Product 1761,Sports,263.53,63.96
P01762,Product 1762,Garden,363.04,74.15
P01763,Product 1763,Beauty,146.52,157.88
P01764,Product 1764,Sports,140.23,29.15
P01765,Product 1765,Books,23.91,97.67
P01766,Product 1766,Toys,175.38,161.06
P01767,Product 1767,Clothing,470.61,40.41
P01768,Product 1768,Books,454.55,127.21
P01769,Product 1769,Home,267.25,73.58
P01770,Product 1770,Home,89.3,54.92
P01771,Product 1771,Clothing,248.13,37.04
P01772,Product 1772,Home,412.64,94.6
P01773,Product 1773,Toys,134.96,189.76
P01774,Product 1774,Garden,163.16,112.75
P01775,Product 1775,Beauty,131.26,109.17
P01776,Product 1776,Clothing,263.52,138.51
P01777,Product 1777,Garden,391.07,20.86
P01778,Product 1778,Home,399.5,90.3
P01779,Product 1779,Toys,490.4,122.29
P01780,Product 1780,Clothing,111.24,55.37
P01781,Product 1781,Sports,182.98,95.43
P01782,Product 1782,Clothing,381.96,53.11
P01783,Product 1783,Garden,252.55,90.24
P01784,Product 1784,Books,393.42,58.0
P01785,Product 1785,Beauty,362.1,6.02
P01786,Product 1786,Toys,173.46,73.67
P01787,Product 1787,Beauty,387.49,58.03
P01788,Product 1788,Sports,45.81,145.86
P01789,Product 1789,Books,88.6,169.36
P01790,Product 1790,Sports,269.65,28.8
P01791,Product 1791,Home,267.06,142.45
P01792,Product 1792,Toys,150.15,34.87
P01793,Product 1793,Sports,251.02,26.57
P01794,Product 1794,Sports,77.21,6.96
P01795,Product 1795,Clothing,204.96,79.88
P01796,Product 1796,Beauty,175.01,186.23
P01797,Product 1797,Garden,397.88,38.17
P01798,Product 1798,Beauty,392.01,126.37
P01799,Product 1799,Sports,18.96,45.49
P01800,Product 1800,Clothing,473.2,25.03
P01801,Product 1801,Home,425.75,168.48
P01802,Product 1802,Beauty,28.72,163.68
P01803,Product 1803,Beauty,115.66,169.26
P01804,Product 1804,Clothing,461.07,8.94
P01805,Product 1805,Electronics,17.42,56.78
P01806,Product 1806,Home,168.5,76.12
P01807,Product 1807,Beauty,408.4,147.36
P01808,Product 1808,Clothing,106.56,154.86
P01809,Product 1809,Home,383.01,146.57
P01810,Product 1810,Beauty,291.45,33.01
P01811,Product 1811,Clothing,285.91,130.25
P01812,Product 1812,Sports,264.06,42.83
P01813,Product 1813,Beauty,274.71,135.35
P01814,Product 1814,Toys,5.13,170.1
P01815,Product 1815,Books,12.79,69.81
P01816,Product 1816,Home,209.9,20.11
P01817,Product 1817,Books,474.11,170.56
P01818,Product 1818,Clothing,25.66,98.55
P01819,Product 1819,Toys,445.03,106.06
P01820,Product 1820,Beauty,420.34,11.9
P01821,Product 1821,Sports,58.91,92.1
P01822,Product 1822,Garden,356.39,116.74
P01823,Product 1823,Home,473.92,52.39
P01824,Product 1824,Beauty,163.54,13.5
P01825,Product 1825,Toys,141.41,169.18
P01826,Product 1826,Home,105.59,163.02
P01827,Product 1827,Toys,371.64,69.9
P01828,Product 1828,Home,359.22,55.76
P01829,Product 1829,Garden,160.49,114.83
P01830,Product 1830,Clothing,315.87,3.46
P01831,Product 1831,Sports,377.8,75.1
P01832,Product 1832,Sports,312.31,74.94
P01833,Product 1833,Home,238.3,146.4
P01834,Product 1834,Beauty,48.27,93.47
P01835,Product 1835,Sports,411.02,2.73
P01836,Product 1836,Home,207.22,198.06
P01837,Product 1837,Beauty,488.63,190.49
P01838,Product 1838,Books,416.65,181.65
P01839,Product 1839,Books,124.72,60.12
P01840,Product 1840,Sports,120.82,193.96
P01841,Product 1841,Electronics,300.51,57.22
P01842,Product 1842,Books,43.16,187.06
P01843,Product 1843,Garden,366.07,92.92
P01844,Product 1844,Clothing,215.16,64.57
P01845,Product 1845,Books,366.74,159.06
P01846,Product 1846,Toys,83.54,124.38
P01847,Product 1847,Clothing,398.51,169.17
P01848,Product 1848,Home,238.41,31.47
P01849,Product 1849,Books,23.18,52.93
P01850,Product 1850,Sports,145.23,156.65
P01851,Product 1851,Sports,83.63,192.23
P01852,Product 1852,Sports,113.83,100.75
P01853,Product 1853,Sports,473.31,132.94
P01854,Product 1854,Home,146.88,118.05
P01855,Product 1855,Books,497.01,73.21
P01856,Product 1856,Books,89.32,121.79
P01857,Product 1857,Electronics,294.73,72.46
P01858,Product 1858,Sports,75.31,24.21
P01859,Product 1859,Electronics,294.15,133.08
P01860,Product 1860,Garden,32.62,94.17
P01861,Product 1861,Garden,310.71,77.22
P01862,Product 1862,Toys,454.76,16.39
P01863,Product 1863,Sports,19.34,2.29
P01864,Product 1864,Beauty,93.28,118.11
P01865,Product 1865,Toys,62.07,61.42
P01866,Product 1866,Electronics,40.5,182.61
P01867,Product 1867,Home,388.86,178.84
P01868,Product 1868,Electronics,374.93,151.71
P01869,Product 1869,Clothing,173.28,155.74
P01870,Product 1870,Home,95.26,176.1
P01871,Product 1871,Beauty,490.25,49.64
P01872,Product 1872,Beauty,228.74,47.56
P01873,Product 1873,Garden,135.74,29.9
P01874,Product 1874,Garden,336.0,111.69
P01875,Product 1875,Clothing,441.44,84.91
P01876,Product 1876,Garden,84.34,135.53
P01877,Product 1877,Toys,49.19,186.56
P01878,Product 1878,Books,44.42,157.43
P01879,Product 1879,Beauty,468.61,111.77
P01880,Product 1880,Electronics,202.48,15.03
P01881,Product 1881,Home,124.23,129.02
P01882,Product 1882,Beauty,343.66,91.23
P01883,Product 1883,Sports,72.18,192.04
P01884,Product 1884,Toys,302.1,184.88
P01885,Product 1885,Home,147.62,85.4
P01886,Product 1886,Electronics,261.85,129.36
P01887,Product 1887,Home,493.53,40.74
P01888,Product 1888,Garden,480.98,156.19
P01889,Product 1889,Garden,358.31,28.93
P01890,Product 1890,Beauty,292.98,34.57
P01891,Product 1891,Home,312.64,14.83
P01892,Product 1892,Sports,493.46,154.36
P01893,Product 1893,Toys,155.12,95.87
P01894,Product 1894,Books,254.87,199.03
P01895,Product 1895,Sports,236.54,162.34
P01896,Product 1896,Books,52.47,172.44
P01897,Product 1897,Sports,427.25,191.33
P01898,Product 1898,Sports,26.59,136.91
P01899,Product 1899,Garden,219.8,181.6
P01900,Product 1900,Home,320.56,86.69
P01901,Product 1901,Books,95.65,79.89
P01902,Product 1902,Home,414.75,169.73
P01903,Product 1903,Garden,258.58,182.49
P01904,Product 1904,Clothing,141.06,101.78
P01905,Product 1905,Beauty,163.4,103.55
P01906,Product 1906,Beauty,464.41,197.43
P01907,Product 1907,Beauty,188.03,139.39
P01908,Product 1908,Sports,116.76,165.19
P01909,Product 1909,Clothing,26.48,149.79
P01910,Product 1910,Beauty,86.25,98.65
P01911,Product 1911,Sports,221.69,6.4
P01912,Product 1912,Toys,216.76,163.28
P01913,Product 1913,Toys,166.05,77.24
P01914,Product 1914,Books,492.07,184.11
P01915,Product 1915,Electronics,176.44,188.73
P01916,Product 1916,Sports,367.88,187.94
P01917,Product 1917,Clothing,293.68,163.78
P01918,Product 1918,Garden,454.42,192.23
P01919,Product 1919,Books,31.84,80.56
P01920,Product 1920,Electronics,445.77,164.58
P01921,Product 1921,Beauty,337.46,59.82
P01922,Product 1922,Home,397.99,107.93
P01923,Product 1923,Sports,488.18,53.1
P01924,Product 1924,Toys,286.21,53.17
P01925,Product 1925,Beauty,489.32,74.68
P01926,Product 1926,Electronics,57.32,194.84
P01927,Product 1927,Beauty,90.06,76.52
P01928,Product 1928,Toys,62.1,65.93
P01929,Product 1929,Toys,135.33,89.54
P01930,Product 1930,Home,193.44,33.56
P01931,Product 1931,Home,321.12,149.63
P01932,Product 1932,Electronics,34.77,144.26
P01933,Product 1933,Home,444.48,98.37
P01934,Product 1934,Clothing,197.53,159.74
P01935,Product 1935,Sports,211.8,74.03
P01936,Product 1936,Toys,326.58,185.33
P01937,Product 1937,Sports,271.26,177.89
P01938,Product 1938,Toys,68.88,39.99
P01939,Product 1939,Garden,239.63,100.0
P01940,Product 1940,Sports,48.42,198.83
P01941,Product 1941,Books,217.08,21.66
P01942,Product 1942,Books,199.03,114.39
P01943,Product 1943,Toys,211.51,185.66
P01944,Product 1944,Clothing,140.41,128.22
P01945,Product 1945,Books,76.65,114.71
P01946,Product 1946,Home,456.36,104.38
P01947,Product 1947,Garden,70.89,51.95
P01948,Product 1948,Home,7.99,55.03
P01949,Product 1949,Clothing,375.97,110.6
P01950,Product 1950,Sports,474.48,49.04
P01951,Product 1951,Electronics,12.41,72.51
P01952,Product 1952,Home,22.63,30.83
P01953,Product 1953,Books,136.15,68.3
P01954,Product 1954,Books,182.63,9.24
P01955,Product 1955,Toys,301.23,11.0
P01956,Product 1956,Garden,127.75,103.07
P01957,Product 1957,Electronics,144.3,5.85
P01958,Product 1958,Beauty,22.55,174.15
P01959,Product 1959,Sports,167.06,107.8
P01960,Product 1960,Sports,216.8,47.08
P01961,Product 1961,Home,67.16,38.61
P01962,Product 1962,Beauty,16.34,66.07
P01963,Product 1963,Clothing,277.88,30.53
P01964,Product 1964,Books,84.08,40.87
P01965,Product 1965,Electronics,499.59,90.71
P01966,Product 1966,Clothing,225.63,52.29
P01967,Product 1967,Toys,13.27,78.85
P01968,Product 1968,Sports,163.11,147.81
P01969,Product 1969,Home,285.74,5.55
P01970,Product 1970,Garden,451.87,131.27
P01971,Product 1971,Home,313.56,132.35
P01972,Product 1972,Home,36.06,121.05
P01973,Product 1973,Sports,24.03,181.3
P01974,Product 1974,Garden,50.07,195.76
P01975,Product 1975,Books,365.31,95.65
P01976,Product 1976,Sports,41.94,150.95
P01977,Product 1977,Home,461.67,4.54
P01978,Product 1978,Garden,363.77,23.27
P01979,Product 1979,Sports,321.89,49.84
P01980,Product 1980,Books,473.51,160.9
P01981,Product 1981,Sports,126.86,98.65
P01982,Product 1982,Electronics,94.07,56.16
P01983,Product 1983,Home,216.48,117.39
P01984,Product 1984,Garden,455.44,190.3
P01985,Product 1985,Books,491.9,66.12
P01986,Product 1986,Sports,330.38,187.91
P01987,Product 1987,Beauty,428.95,123.95
P01988,Product 1988,Electronics,438.03,125.64
P01989,Product 1989,Beauty,474.06,177.1
P01990,Product 1990,Books,257.12,134.88
P01991,Product 1991,Electronics,486.65,6.73
P01992,Product 1992,Beauty,308.44,184.65
P01993,Product 1993,Beauty,298.45,85.85
P01994,Product 1994,Clothing,422.55,73.32
P01995,Product 1995,Electronics,494.87,171.87
P01996,Product 1996,Electronics,304.08,11.76
P01997,Product 1997,Beauty,276.63,191.09
P01998,Product 1998,Sports,164.22,115.42
P01999,Product 1999,Garden,61.59,93.57
P02000,Product 2000,Home,266.66,104.82
