i_item_sk,i_item_id,i_rec_start_date,i_rec_end_date,i_item_desc,i_current_price,i_wholesale_cost,i_brand_id,i_brand,i_class_id,i_class,i_category_id,i_category,i_manufact_id,i_manufact,i_size,i_formulation,i_color,i_units,i_container,i_manager_id,i_product_name
1,AAAAAAAABAAAAAAA,1997-10-27,,"Powers will not get influences. Electoral ports should show low, annual chains. Now young visitors may pose now however final pages. Bitterly right children suit increasing, leading el",27.02,23.23,5003002,"exportischolar #2",3,pop,5,Music,52,ableanti,N/A,3663peru009490160959,spring,Tsp,Unknown,6,ought
2,AAAAAAAACAAAAAAA,1997-10-27,2000-10-26,"Costs could prove. Industrial, new ",1.12,0.38,1001001,"amalgamalg #1",1,dresses,1,Women,294,esen stable,petite,peru3235638235244700,rosy,Bunch,Unknown,98,able
3,AAAAAAAACAAAAAAA,2000-10-27,,"Costs could prove. Industrial, new ",7.11,0.38,1001001,"brandbrand #4",7,decor,7,Home,294,esen stable,N/A,peru3235638235244700,sienna,Cup,Unknown,18,pri
4,AAAAAAAAEAAAAAAA,1997-10-27,1999-10-27,"Passengers want etc in a walls. Important years must benefit clear by a ideas; hot children must avoid. Major, bad pounds rise on the needs. Farms may not see bright lines. Differ",1.35,0.85,3002001,"importoexporti #1",2,infants,3,Children,479,n stationese,extra large,648935peach259354618,red,Tbl,Unknown,26,ese
5,AAAAAAAAEAAAAAAA,1999-10-28,2001-10-26,"Passengers want etc in a walls. Important years must benefit clear by a ideas; hot children must avoid. Major, bad pounds rise on the needs. Farms may not see bright lines. Differ",4.00,1.76,2002002,"importoimporto #2",2,shirts,2,Men,220,barableable,petite,979763908640salmon70,pink,Cup,Unknown,27,anti
6,AAAAAAAAEAAAAAAA,2001-10-27,,"Passengers want etc in a walls. Important years must benefit clear by a ideas; hot children must avoid. Major, bad pounds rise on the needs. Farms may not see bright lines. Differ",0.85,1.76,2002002,"exportiimporto #1",3,pants,2,Men,212,barableable,large,979763908640salmon70,moccasin,Bundle,Unknown,6,cally
7,AAAAAAAAHAAAAAAA,1997-10-27,,New,9.94,6.75,3001002,"amalgexporti #2",1,newborn,3,Children,214,eseoughtable,petite,674897slate961015715,spring,Tsp,Unknown,64,ation
8,AAAAAAAAIAAAAAAA,1997-10-27,2000-10-26,"Other, soviet subjects seem properly times. Only sources will not escape; keys will not know only children. Recent, f",2.76,0.85,3003001,"exportiexporti #1",3,toddlers,3,Children,630,barprically,extra large,2460183sky4604323975,turquoise,Carton,Unknown,25,eing
9,AAAAAAAAIAAAAAAA,2000-10-27,,"Other, soviet subjects seem properly times. Only sources will not escape; keys will not know only children. Recent, f",4.46,0.85,1004002,"edu packamalg #2",3,swimwear,1,Women,630,barprically,medium,2460183sky4604323975,wheat,Tbl,Unknown,3,n st
10,AAAAAAAAKAAAAAAA,1997-10-27,1999-10-27,"Alone european attempts might take recently to the contributions. Just great clients put at least just social times. Institutions know marks. Bad, alone months guarantee more. Clearly economic propos",8.94,4.11,10008011,"namelessunivamalg #11",8,scanners,10,Electronics,350,barantipri,N/A,45280665580201hot053,pale,Tsp,Unknown,34,barought
11,AAAAAAAAKAAAAAAA,1999-10-28,2001-10-26,"Bright rules stop. Big members alter active, true words. Methods prov",54.87,4.11,10008011,"edu packbrand #4",14,estate,6,Jewelry,625,antiablecally,N/A,8papaya5125223727562,yellow,Bunch,Unknown,26,oughtought
12,AAAAAAAAKAAAAAAA,2001-10-27,,"Theories take various bottles. Lucky, modern matters keep sessions; special sides see machines; still spatial activities disguise at a characteristics. Long, structural patients used to ask",6.54,4.11,10008011,"corpnameless #3",14,furniture,7,Home,264,esecallyable,N/A,76saddle494271303679,royal,Tbl,Unknown,19,ableought
13,AAAAAAAANAAAAAAA,1997-10-27,,Groups join only most likely funds. Good,8.76,7.62,6012006,"importobrand #6",12,costume,6,Jewelry,167,ationcallyought,N/A,00105011steel3041687,olive,Bundle,Unknown,51,priought
14,AAAAAAAAOAAAAAAA,1997-10-27,2000-10-26,Important grounds rip there just big vehicles. Journalists w,1.85,0.59,8007005,"brandnameless #5",7,hockey,8,Sports,460,barcallyese,N/A,168948lace2402718887,red,Dram,Unknown,6,eseought
15,AAAAAAAAOAAAAAAA,2000-10-27,,Important grounds rip there just big vehicles. Journalists w,2.57,0.59,5002002,"importoscholar #2",2,country,5,Music,86,barcallyese,N/A,168948lace2402718887,royal,Pound,Unknown,11,antiought
16,AAAAAAAAABAAAAAA,1997-10-27,1999-10-27,"Unquestionably different demands may not turn worldwide false, wide police. Satisfied, littl",0.31,0.14,1002001,"importoamalg #1",2,fragrances,1,Women,117,ationoughtought,large,03032351steel7632563,bisque,Lb,Unknown,23,callyought
17,AAAAAAAAABAAAAAA,1999-10-28,2001-10-26,"Unquestionably different demands may not turn worldwide false, wide police. Satisfied, littl",6.49,0.14,1002001,"amalgimporto #2",1,accessories,2,Men,117,ationoughtought,extra large,98850104087998white2,snow,Dram,Unknown,41,ationought
18,AAAAAAAAABAAAAAA,2001-10-27,,"Neighbouring leaves shall not take functions; powerful, interesting things ma",0.87,0.48,1002001,"importoamalg #1",2,fragrances,1,Women,117,ationoughtought,medium,98850104087998white2,rosy,Carton,Unknown,63,eingought
19,AAAAAAAADBAAAAAA,1997-10-27,,Patient,10.61,4.77,2004002,"edu packimporto #2",4,sports-apparel,2,Men,364,esecallypri,large,591626hot28562844792,smoke,Ton,Unknown,13,n stought
20,AAAAAAAAEBAAAAAA,1997-10-27,2000-10-26,"Extremely working exercises meet only managers. Choices might leave. Years could not tell later on a doctors. Ethnic, present surveys alienate already splendid claims. Major, violent records wil",29.35,18.78,1003001,"exportiamalg #1",3,maternity,1,Women,995,antin stn st,extra large,2826212459linen59007,tan,Gram,Unknown,21,barable
21,AAAAAAAAEBAAAAAA,2000-10-27,,"Extremely working exercises meet only managers. Choices might leave. Years could not tell later on a doctors. Ethnic, present surveys alienate already splendid claims. Major, violent records wil",10.71,8.46,6016006,"corpbrand #6",3,consignment,6,Jewelry,995,antin stn st,N/A,71001944mint96978096,sienna,Pallet,Unknown,4,oughtable
22,AAAAAAAAGBAAAAAA,1997-10-27,1999-10-27,"Elaborate, creative dates will support ever home limited members. Again recent rules can imply similar, new leaders. Slightly sympatheti",7.11,3.27,10005006,"scholarunivamalg #6",5,karoke,10,Electronics,169,n stcallyought,N/A,290indian64569290011,sandy,Each,Unknown,40,ableable
23,AAAAAAAAGBAAAAAA,1999-10-28,2001-10-26,Industria,3.73,1.41,10005006,"scholarunivamalg #7",5,karoke,10,Electronics,260,n stcallyought,N/A,437757060174plum8377,papaya,Bunch,Unknown,44,priable
24,AAAAAAAAGBAAAAAA,2001-10-27,,Industria,2.61,0.86,10005006,"amalgamalg #1",1,dresses,1,Women,260,barcallyable,medium,437757060174plum8377,lime,Ton,Unknown,10,eseable
25,AAAAAAAAJBAAAAAA,1997-10-27,,"Married, european goods help as also full arts. Local seconds used to d",75.28,50.43,1004002,"edu packamalg #2",4,swimwear,1,Women,338,eingpripri,large,8ghost70669206928752,purple,Bundle,Unknown,18,antiable
26,AAAAAAAAKBAAAAAA,1997-10-27,2000-10-26,"Following, new prospects get almost available children. Terms can need very lucky days. Likely, sufficient persons prolong particularly words. Years might not organise also. Oth",2.77,1.91,2004001,"edu packimporto #1",4,sports-apparel,2,Men,26,callyable,petite,535913papaya91485825,spring,Box,Unknown,31,callyable
27,AAAAAAAAKBAAAAAA,2000-10-27,,"Workers could become. Feelings take never to a rivals; of course close problems call over besides other plans. Severe changes must not know also. Lives lead earlier possible, lacking representatives. ",8.57,1.91,2004001,"importocorp #4",4,diamonds,6,Jewelry,734,esepriation,N/A,535913papaya91485825,orchid,Pound,Unknown,31,ationable
28,AAAAAAAAMBAAAAAA,1997-10-27,1999-10-27,"Typical, good professionals succeed slowly suitable schools. Senior years ought to help more supreme words. Choices will not ",0.15,0.07,3003001,"exportiexporti #1",3,toddlers,3,Children,886,callyeingeing,medium,235441322860misty467,turquoise,Dram,Unknown,32,eingable
29,AAAAAAAAMBAAAAAA,1999-10-28,2001-10-26,"Proposals should pay in a children. Ready times solve well furiously general reports; over national agreements warrant long,",1.04,0.07,3003001,"edu packamalg #2",3,swimwear,1,Women,209,callyeingeing,large,235441322860misty467,yellow,Carton,Unknown,35,n stable
30,AAAAAAAAMBAAAAAA,2001-10-27,,"Responsible decisions bother too. Rights migrate men. Economic, left difficulties meet foreign accounts. Areas put s",86.00,62.78,6008007,"namelesscorp #7",8,mens watch,6,Jewelry,732,callyeingeing,N/A,972628024170salmon23,gainsboro,Bundle,Unknown,32,barpri
31,AAAAAAAAPBAAAAAA,1997-10-27,,Bright advisers explain i,8.48,3.30,8015002,"scholarmaxi #2",15,fishing,8,Sports,167,ationcallyought,N/A,26402843046832linen0,lawn,Each,Unknown,98,oughtpri
32,AAAAAAAAACAAAAAA,1997-10-27,2000-10-26,Ce,1.77,1.00,7004003,"edu packbrand #3",4,curtains/drapes,7,Home,431,oughtpriese,N/A,35503944light0279040,turquoise,Dram,Unknown,7,ablepri
33,AAAAAAAAACAAAAAA,2000-10-27,,Especially other jeans must not say less difficult men. Thousands should not advance serious systems. Unchanged situations need physical actions. Double g,7.86,1.00,3003002,"exportiexporti #2",4,toddlers,3,Children,154,eseantiought,medium,187228lime2158369330,plum,Carton,Unknown,51,pripri
34,AAAAAAAACCAAAAAA,1997-10-27,1999-10-27,"Major, strange officials would not assess bodies. Final, suitable applications must serve towns. Joint boys might question most social, tiny strings. Kn",2.07,1.49,10007001,"brandunivamalg #1",7,personal,10,Electronics,553,priantianti,N/A,035tan57373315437542,honeydew,Pallet,Unknown,58,esepri
35,AAAAAAAACCAAAAAA,1999-10-28,2001-10-26,"Major, strange officials would not assess bodies. Final, suitable applications must serve towns. Joint boys might question most social, tiny strings. Kn",2.32,1.11,10007001,"amalgmaxi #12",1,arts,9,Books,553,priantianti,N/A,718809852500salmon45,green,Tsp,Unknown,5,antipri
36,AAAAAAAACCAAAAAA,2001-10-27,,"Major, strange officials would not assess bodies. Final, suitable applications must serve towns. Joint boys might question most social, tiny strings. Kn",91.42,34.73,1001001,"amalgamalg #1",1,dresses,1,Women,553,priantianti,medium,718809852500salmon45,thistle,Case,Unknown,37,callypri
37,AAAAAAAAFCAAAAAA,1997-10-27,,"Strict, strong results may think even nervous husbands. Other, sexua",2.42,0.87,2001002,"amalgimporto #2",1,accessories,2,Men,489,n steingese,petite,66027rose68863960880,rose,Bundle,Unknown,28,ationpri
38,AAAAAAAAGCAAAAAA,1997-10-27,2000-10-26,"International, substantial schools mean effectively. Users put then in a operations. Particul",16.70,8.01,2004001,"edu packimporto #1",4,sports-apparel,2,Men,933,priprin st,medium,1552724855785peach10,violet,Bunch,Unknown,36,eingpri
39,AAAAAAAAGCAAAAAA,2000-10-27,,"International, substantial schools mean effectively. Users put then in a operations. Particul",5.07,8.01,2004001,"importomaxi #4",2,business,9,Books,368,eingcallypri,N/A,1552724855785peach10,sandy,Unknown,Unknown,34,n stpri
40,AAAAAAAAICAAAAAA,1997-10-27,1999-10-27,Usually other children must stop shares. Relations,9.93,8.63,7008001,"namelessbrand #1",8,lighting,7,Home,147,ationeseought,N/A,8628purple5251303417,sandy,Pallet,Unknown,64,barese
41,AAAAAAAAICAAAAAA,1999-10-28,2001-10-26,Usually other children must stop shares. Relations,4.40,8.63,7008001,"exportiexporti #2",8,toddlers,3,Children,310,ationeseought,small,94tan448058898526101,red,Bunch,Unknown,85,oughtese
42,AAAAAAAAICAAAAAA,2001-10-27,,"Personal years understand doubtfully apparent, detailed knees; random, other boys cover around spec",9.15,8.63,5003001,"exportischolar #1",3,pop,5,Music,540,bareseanti,N/A,94tan448058898526101,powder,Cup,Unknown,64,ableese
43,AAAAAAAALCAAAAAA,1997-10-27,,"Resources shall not continue thus similar, practical results. Practical words f",6.08,4.86,9010008,"univunivamalg #8",10,travel,9,Books,301,oughtbarpri,N/A,34528803134658sandy3,firebrick,Pallet,Unknown,19,priese
44,AAAAAAAAMCAAAAAA,1997-10-27,2000-10-26,So general leaves discover clinical things. Sales get ,5.20,1.71,5001001,"amalgscholar #1",1,rock,5,Music,124,eseableought,N/A,109200light105046367,chocolate,Case,Unknown,59,eseese
45,AAAAAAAAMCAAAAAA,2000-10-27,,Thus certain organisations cannot study even adequate sounds; national organisations sit years. Sometimes major specialists ought to retain figures; ,0.37,1.71,5001001,"namelesscorp #6",1,mens watch,6,Jewelry,459,eseableought,N/A,109200light105046367,khaki,N/A,Unknown,15,antiese
46,AAAAAAAAOCAAAAAA,1997-10-27,1999-10-27,"Worldwide difficult shapes say reasonably too following times. Public, complete individuals may take for example civil, nea",98.66,85.83,6012007,"importobrand #7",12,costume,6,Jewelry,252,ableantiable,N/A,566043945smoke249006,saddle,Tsp,Unknown,19,callyese
47,AAAAAAAAOCAAAAAA,1999-10-28,2001-10-26,"Worldwide difficult shapes say reasonably too following times. Public, complete individuals may take for example civil, nea",3.00,1.74,6012007,"amalgedu pack #2",1,womens,4,Shoes,99,ableantiable,economy,566043945smoke249006,peru,Dram,Unknown,5,ationese
48,AAAAAAAAOCAAAAAA,2001-10-27,,"Worldwide difficult shapes say reasonably too following times. Public, complete individuals may take for example civil, nea",1.45,1.74,5001001,"amalgscholar #1",1,rock,5,Music,41,ableantiable,N/A,9036137203337blue385,thistle,Dram,Unknown,21,eingese
49,AAAAAAAABDAAAAAA,1997-10-27,,Tonnes alter. Towns get schools,8.01,2.48,3004002,"edu packexporti #2",4,school-uniforms,3,Children,443,prieseese,large,52890931aquamarine58,powder,Unknown,Unknown,56,n stese
50,AAAAAAAACDAAAAAA,1997-10-27,2000-10-26,"Likely, main groups possess rich, interested cards; of course african me",4.99,3.54,4004001,"edu packedu pack #1",4,athletic,4,Shoes,140,bareseought,small,296802tan05283688019,papaya,Cup,Unknown,72,baranti
51,AAAAAAAACDAAAAAA,2000-10-27,,Deep nove,3.99,1.99,3003002,"exportiexporti #2",3,toddlers,3,Children,140,bareseought,extra large,296802tan05283688019,sky,Gram,Unknown,33,oughtanti
52,AAAAAAAAEDAAAAAA,1997-10-27,1999-10-27,"Total styles cannot assume companies. Cases may constitute shops. Local years meet still different, superb players. Delicate, peaceful ",2.99,2.15,3002001,"importoexporti #1",2,infants,3,Children,865,anticallyeing,medium,14sky550081945708909,rose,Pound,Unknown,33,ableanti
53,AAAAAAAAEDAAAAAA,1999-10-28,2001-10-26,"Total styles cannot assume companies. Cases may constitute shops. Local years meet still different, superb players. Delicate, peaceful ",8.26,2.47,3002001,"univamalgamalg #3",10,memory,10,Electronics,865,anticallyeing,N/A,14sky550081945708909,peru,Case,Unknown,14,prianti
54,AAAAAAAAEDAAAAAA,2001-10-27,,"Total styles cannot assume companies. Cases may constitute shops. Local years meet still different, superb players. Delicate, peaceful ",37.84,20.05,1001001,"amalgamalg #1",1,dresses,1,Women,865,anticallyeing,medium,9606607white22138840,khaki,Ounce,Unknown,40,eseanti
55,AAAAAAAAHDAAAAAA,1997-10-27,,"Complete cases shall happen to a generations. Systems must tell sometimes main scenes. Tonnes make still main trees. Different, personal owners become often little important y",0.99,0.79,1004002,"edu packamalg #2",4,swimwear,1,Women,47,ationese,medium,9489537049431light05,ghost,Cup,Unknown,18,antianti
56,AAAAAAAAIDAAAAAA,1997-10-27,2000-10-26,"Members see. Difficulties utter so camps. Never particular products will not get from now on. Defensive, hi",7.44,3.94,10011006,"amalgamalgamalg #6",11,disk drives,10,Electronics,412,ableoughtese,N/A,643087279saddle88093,hot,Tsp,Unknown,5,callyanti
57,AAAAAAAAIDAAAAAA,2000-10-27,,"Members see. Difficulties utter so camps. Never particular products will not get from now on. Defensive, hi",4.58,3.94,10011006,"edu packexporti #2",11,school-uniforms,3,Children,591,ableoughtese,medium,563677838714239lace4,red,Dozen,Unknown,24,ationanti
58,AAAAAAAAKDAAAAAA,1997-10-27,1999-10-27,British units must not leave quick in a questions. Tasks terminate supreme departments. So significant families will not,0.87,0.71,4003001,"exportiedu pack #1",3,kids,4,Shoes,187,ationeingought,small,5714metallic30144125,blush,Pound,Unknown,4,einganti
59,AAAAAAAAKDAAAAAA,1999-10-28,2001-10-26,British units must not leave quick in a questions. Tasks terminate supreme departments. So significant families will not,38.82,15.13,3004002,"edu packexporti #2",3,school-uniforms,3,Children,413,prioughtese,medium,5714metallic30144125,sandy,Tsp,Unknown,57,n stanti
60,AAAAAAAAKDAAAAAA,2001-10-27,,British units must not leave quick in a questions. Tasks terminate supreme departments. So significant families will not,4.87,15.13,3004002,"maxicorp #5",9,womens watch,6,Jewelry,849,n steseeing,N/A,5714metallic30144125,indian,Unknown,Unknown,19,barcally
61,AAAAAAAANDAAAAAA,1997-10-27,,Councils hunt coming children. Young relationships increase already explanations. Months begin boys. Gently residential constraints equip home primarily base structu,0.50,0.22,10006011,"corpunivamalg #11",6,musical,10,Electronics,785,antieingation,N/A,0moccasin65119300318,gainsboro,Case,Unknown,22,oughtcally
62,AAAAAAAAODAAAAAA,1997-10-27,2000-10-26,Even yellow ways will remember already home good children; french answers must face very tightly due pp.. Rapidly available departments like once pairs. So-called trades ought to,3.49,1.18,6004007,"edu packcorp #7",4,bracelets,6,Jewelry,633,priprically,N/A,457830royal988465577,violet,Bunch,Unknown,84,ablecally
63,AAAAAAAAODAAAAAA,2000-10-27,,Just mechanical reforms design even ,4.34,1.18,6004007,"importoimporto #2",2,shirts,2,Men,633,priprically,medium,457830royal988465577,red,Ton,Unknown,41,prically
64,AAAAAAAAAEAAAAAA,1997-10-27,1999-10-27,"Public, annual h",2.02,1.69,8009005,"maxinameless #5",9,optics,8,Sports,322,ableablepri,N/A,999239frosted3654937,maroon,Tbl,Unknown,14,esecally
65,AAAAAAAAAEAAAAAA,1999-10-28,2001-10-26,"Public, annual h",73.24,54.19,10008015,"namelessunivamalg #15",8,scanners,10,Electronics,363,ableablepri,N/A,75red758806640856233,blue,Bundle,Unknown,27,antically
66,AAAAAAAAAEAAAAAA,2001-10-27,,"Readily happy questions give other, large parents. Parents might use over top influences. Small men would ",6.67,54.19,10008015,"maximaxi #7",8,science,9,Books,121,oughtableought,N/A,4594970peru788393822,purple,Bundle,Unknown,51,callycally
67,AAAAAAAADEAAAAAA,1997-10-27,,Already ,1.47,0.83,9015008,"scholarunivamalg #8",15,fiction,9,Books,285,antieingable,N/A,84662395226maroon463,black,Ounce,Unknown,57,ationcally
68,AAAAAAAAEEAAAAAA,1997-10-27,2000-10-26,Labour agents take. Fairly general ques,6.93,3.11,2004001,"edu packimporto #1",4,sports-apparel,2,Men,76,callyation,petite,9966753768steel48530,navy,Carton,Unknown,35,eingcally
69,AAAAAAAAEEAAAAAA,2000-10-27,,Again good payments sep,5.67,3.11,2004001,"importoamalg #2",2,fragrances,1,Women,76,callyation,large,47560700tomato190852,pale,Gross,Unknown,28,n stcally
70,AAAAAAAAGEAAAAAA,1997-10-27,1999-10-27,"Days shall let by a levels. Existing, fit rocks sort awkward techniques. Good bits must avoid by a uses. New, glorious reactions will return for a spirits. Further sp",9.79,4.40,5004001,"edu packscholar #1",4,classical,5,Music,445,antieseese,N/A,497296moccasin697246,rose,Dram,Unknown,52,baration
71,AAAAAAAAGEAAAAAA,1999-10-28,2001-10-26,"New, direct changes could meet as.",3.21,2.53,9014012,"edu packunivamalg #12",14,sports,9,Books,445,antieseese,N/A,497296moccasin697246,lavender,Ounce,Unknown,26,oughtation
72,AAAAAAAAGEAAAAAA,2001-10-27,,Civil loans put also after a members. Only easy collections fail however directly public da,5.31,2.53,1002001,"importoamalg #1",2,fragrances,1,Women,445,antieseese,medium,698345980navy5781291,blush,Ton,Unknown,27,ableation
73,AAAAAAAAJEAAAAAA,1997-10-27,,Then critical years could instruct true,41.16,27.57,1003002,"exportiamalg #2",3,maternity,1,Women,653,priantically,petite,167sky61991621336241,misty,Tbl,Unknown,3,priation
74,AAAAAAAAKEAAAAAA,1997-10-27,2000-10-26,Straight possible women ought to match only thanks. Specia,3.91,1.44,2004001,"edu packimporto #1",4,sports-apparel,2,Men,954,eseantin st,small,14505636peru42112930,papaya,Carton,Unknown,17,eseation
75,AAAAAAAAKEAAAAAA,2000-10-27,,"For good scientific tasks produce gifts. Once known combinations ought to break immediate, sound mass",3.26,1.30,2004001,"exportiamalgamalg #8",4,stereo,10,Electronics,954,eseantin st,N/A,1121196seashell99780,wheat,Tbl,Unknown,12,antiation
76,AAAAAAAAMEAAAAAA,1997-10-27,1999-10-27,"Original interests see of course british, important terms. Yet appropriate principles conclude in a arrangements; good countries would get sometimes; ",3.84,2.76,9010005,"univunivamalg #5",10,travel,9,Books,46,callyese,N/A,69990488719mint09677,puff,Oz,Unknown,32,callyation
77,AAAAAAAAMEAAAAAA,1999-10-28,2001-10-26,"Original interests see of course british, important terms. Yet appropriate principles conclude in a arrangements; good countries would get sometimes; ",0.90,2.76,3003002,"exportiexporti #2",3,toddlers,3,Children,46,callyese,small,69990488719mint09677,purple,Ounce,Unknown,88,ationation
78,AAAAAAAAMEAAAAAA,2001-10-27,,"Original interests see of course british, important terms. Yet appropriate principles conclude in a arrangements; good countries would get sometimes; ",0.23,0.14,3003002,"corpcorp #7",6,rings,6,Jewelry,515,callyese,N/A,royal901971080168044,royal,Lb,Unknown,70,eingation
79,AAAAAAAAPEAAAAAA,1997-10-27,,More new services ought to pr,2.87,1.37,10009012,"maxiunivamalg #12",9,televisions,10,Electronics,385,antieingpri,N/A,84862mint06304563425,papaya,Oz,Unknown,2,n station
80,AAAAAAAAAFAAAAAA,1997-10-27,2000-10-26,"Applicable, total structures make good ",2.16,1.59,4003001,"exportiedu pack #1",3,kids,4,Shoes,376,callyationpri,N/A,455turquoise98785332,yellow,Bundle,Unknown,38,bareing
81,AAAAAAAAAFAAAAAA,2000-10-27,,"Applicable, total structures make good ",3.65,3.13,4002002,"importoedu pack #2",3,mens,4,Shoes,37,callyationpri,large,455turquoise98785332,cyan,Box,Unknown,68,oughteing
82,AAAAAAAACFAAAAAA,1997-10-27,1999-10-27,Relative members keep today games. Computers improve here by a costs. Living evenings can rise. Lines sha,1.43,1.17,4004001,"edu packedu pack #1",4,athletic,4,Shoes,306,callybarpri,small,80156868purple001311,violet,Dram,Unknown,53,ableeing
83,AAAAAAAACFAAAAAA,1999-10-28,2001-10-26,Requirements will date with a studies. Quite bad,4.25,1.17,4004001,"brandcorp #4",4,pendants,6,Jewelry,622,ableablecally,N/A,7597344957metallic52,misty,Each,Unknown,5,prieing
84,AAAAAAAACFAAAAAA,2001-10-27,,"Genuine suppliers judge both wild economies. Certain, genuine books cannot cover humans. Finally certain supplies used to see enough official disputes; almost large ",1.41,1.26,2004001,"edu packimporto #1",4,sports-apparel,2,Men,662,ablecallycally,large,3papaya7469615462932,grey,Gross,Unknown,3,eseeing
85,AAAAAAAAFFAAAAAA,1997-10-27,,"Only colleges support then institutions; correct, great processes seem perhaps national boys. Cattle",39.31,34.98,2003002,"exportiimporto #2",3,pants,2,Men,156,callyantiought,small,61683smoke6831678889,sky,Oz,Unknown,66,antieing
86,AAAAAAAAGFAAAAAA,1997-10-27,2000-10-26,"Barely annual papers complete forward in a parts. Sure, british books collapse about for a members. Never previous deals could not get so initial, big decisions; schools might calculate t",0.87,0.74,6002007,"importocorp #7",2,diamonds,6,Jewelry,985,antieingn st,N/A,423496330709navajo02,powder,Pallet,Unknown,2,callyeing
87,AAAAAAAAGFAAAAAA,2000-10-27,,Previous me,4.51,1.53,3001002,"amalgexporti #2",2,newborn,3,Children,985,antieingn st,petite,890584565799deep3415,sky,Bunch,Unknown,57,ationeing
88,AAAAAAAAIFAAAAAA,1997-10-27,1999-10-27,"Nearly unlikely months use reasonable, ideological things. Certain, common books must think; democrats take in the companies. Bright, like ord",7.29,3.71,3001001,"amalgexporti #1",1,newborn,3,Children,87,ationeing,large,903117rose8021334144,snow,Gross,Unknown,24,eingeing
89,AAAAAAAAIFAAAAAA,1999-10-28,2001-10-26,"Holy companies win less all right essential initiatives. Men learn. Eyes might come opportunities; great, large centres should ",4.79,3.44,3001001,"amalgimporto #2",1,accessories,2,Men,967,ationcallyn st,large,903117rose8021334144,coral,Bundle,Unknown,5,n steing
90,AAAAAAAAIFAAAAAA,2001-10-27,,"Just chief structures would not avoid. Lines put with a hours. Children used to go especially votes. Eyes may not make afterwards severe, liberal changes; secondary services may desire still ov",1.18,0.44,3001001,"amalgscholar #1",1,rock,5,Music,907,ationbarn st,N/A,903117rose8021334144,blue,Tsp,Unknown,35,barn st
91,AAAAAAAALFAAAAAA,1997-10-27,,Clearly relevant rooms develop necessary hotels. Available women can get as att,0.64,0.28,10006007,"corpunivamalg #7",6,musical,10,Electronics,176,callyationought,N/A,6salmon9130801749386,lace,Lb,Unknown,74,oughtn st
92,AAAAAAAAMFAAAAAA,1997-10-27,2000-10-26,"New, quick observations merge too worth a children; shares could live there crucial mountains. Simply eastern pounds shall crush immediately married long wives. Corporate, import",4.48,2.64,8009003,"maxinameless #3",9,optics,8,Sports,547,ationeseanti,N/A,95992mint72303710820,indian,N/A,Unknown,12,ablen st
93,AAAAAAAAMFAAAAAA,2000-10-27,,"New, quick observations merge too worth a children; shares could live there crucial mountains. Simply eastern pounds shall crush immediately married long wives. Corporate, import",1.06,0.61,8015004,"scholarmaxi #4",15,fishing,8,Sports,290,barn stable,N/A,77252895wheat0214342,cyan,Lb,Unknown,90,prin st
94,AAAAAAAAOFAAAAAA,1997-10-27,1999-10-27,Yet great workers ought to go. Living bases panic by a lines. Already bitter teeth buy more with a employees;,0.11,0.06,2002001,"importoimporto #1",2,shirts,2,Men,254,eseantiable,economy,633821royal187686366,orange,Box,Unknown,33,esen st
95,AAAAAAAAOFAAAAAA,1999-10-28,2001-10-26,Yet great workers ought to go. Living bases panic by a lines. Already bitter teeth buy more with a employees;,2.55,1.30,5003002,"exportischolar #2",3,pop,5,Music,276,eseantiable,N/A,8135peach48800306654,pale,Tbl,Unknown,95,antin st
96,AAAAAAAAOFAAAAAA,2001-10-27,,"Enough gradual particles will encourage; therefore national studies approach even complete hours. Volumes would come wooden, great places. Economical",4.19,1.30,6001001,"amalgcorp #1",3,birdal,6,Jewelry,54,eseanti,N/A,0601206purple9591494,cream,Pound,Unknown,17,callyn st
97,AAAAAAAABGAAAAAA,1997-10-27,,More reg,57.09,32.54,9015002,"scholarunivamalg #2",15,fiction,9,Books,275,antiationable,N/A,58445392828812green3,rose,Gross,Unknown,5,ationn st
98,AAAAAAAACGAAAAAA,1997-10-27,2000-10-26,"Years know merely religious reasons. New animals modernise well racial pieces. Various, chi",3.16,2.18,8008009,"namelessnameless #9",8,outdoor,8,Sports,302,ablebarpri,N/A,green986580991566481,medium,Ton,Unknown,24,eingn st
99,AAAAAAAACGAAAAAA,2000-10-27,,"Years know merely religious reasons. New animals modernise well racial pieces. Various, chi",4.81,2.18,8008009,"scholarunivamalg #15",5,karoke,10,Electronics,302,ablebarpri,N/A,3indian1365298280294,salmon,Pound,Unknown,19,n stn st
100,AAAAAAAAEGAAAAAA,1997-10-27,1999-10-27,Ruling troops used to undertake better dead me,2.06,0.63,5003001,"exportischolar #1",3,pop,5,Music,462,ablecallyese,N/A,38282542moccasin3506,peru,N/A,Unknown,31,barbarought
101,AAAAAAAAEGAAAAAA,1999-10-28,2001-10-26,"Leaves wait big, interesting minutes. Conventional conferences may",4.51,4.01,1002002,"importoamalg #2",3,fragrances,1,Women,816,ablecallyese,medium,2765puff735456938950,thistle,Case,Unknown,40,oughtbarought
102,AAAAAAAAEGAAAAAA,2001-10-27,,"Different objects could not admit there great languages. Kinds rest on a departments. Quickly possible members may maintain very silly forward terms. Wild, great prices will talk t",3.93,3.18,1004001,"edu packamalg #1",4,swimwear,1,Women,816,callyoughteing,medium,33748375tan409397539,white,N/A,Unknown,24,ablebarought
103,AAAAAAAAHGAAAAAA,1997-10-27,,"As short materials might go sometime new, tall skills. M",4.30,3.26,4001002,"amalgedu pack #2",1,womens,4,Shoes,187,ationeingought,large,5494038indian5923529,wheat,Cup,Unknown,30,pribarought
104,AAAAAAAAIGAAAAAA,1997-10-27,2000-10-26,"Connections must constitute only eastern leaves. Primary, elderly times make expectations. Never tory stores build very points.",2.33,1.25,9016009,"corpunivamalg #9",16,mystery,9,Books,453,priantiese,N/A,95049128snow60505287,papaya,Ton,Unknown,4,esebarought
105,AAAAAAAAIGAAAAAA,2000-10-27,,"Connections must constitute only eastern leaves. Primary, elderly times make expectations. Never tory stores build very points.",9.21,5.34,6015002,"scholarbrand #2",15,custom,6,Jewelry,452,priantiese,N/A,54592452027frosted38,lime,Pallet,Unknown,24,antibarought
106,AAAAAAAAKGAAAAAA,1997-10-27,1999-10-27,"Together visible days elaborate less brilliant, brief books; only circumstances carry types. Messages get also in a days; just impossible communi",0.58,0.22,10010005,"univamalgamalg #5",10,memory,10,Electronics,307,ationbarpri,N/A,56106peru10370976480,turquoise,Ounce,Unknown,93,callybarought
107,AAAAAAAAKGAAAAAA,1999-10-28,2001-10-26,Times accuse in a years. Statements would leave ,7.77,0.22,10010005,"amalgmaxi #12",1,arts,9,Books,307,ationbarpri,N/A,11521blush1914460030,peru,Bundle,Unknown,40,ationbarought
108,AAAAAAAAKGAAAAAA,2001-10-27,,Times accuse in a years. Statements would leave ,6.38,5.55,10010005,"edu packamalgamalg #7",1,automotive,10,Electronics,297,ationbarpri,N/A,84371413papaya051510,powder,Tsp,Unknown,59,eingbarought
109,AAAAAAAANGAAAAAA,1997-10-27,,"Solutions may not go central, interesting sectors. Enterprises resist inte",9.46,6.24,7006010,"corpbrand #10",6,rugs,7,Home,306,callybarpri,N/A,red65454414014024991,lawn,Oz,Unknown,38,n stbarought
110,AAAAAAAAOGAAAAAA,1997-10-27,2000-10-26,"Single, possible causes cut more strange, british things; forms create other, loyal thousands. As real scheme",1.31,1.06,1001001,"amalgamalg #1",1,dresses,1,Women,253,priantiable,petite,24pale42186157801046,tan,Lb,Unknown,77,baroughtought
111,AAAAAAAAOGAAAAAA,2000-10-27,,"Much individual banks get sharply products. Other, public implications should submit otherwise details. Future, royal functions acquire visually on a forces. Essential areas will s",1.18,0.48,10009010,"maxiunivamalg #10",9,televisions,10,Electronics,253,priantiable,N/A,0396181742314peach09,seashell,Lb,Unknown,35,oughtoughtought
112,AAAAAAAAAHAAAAAA,1997-10-27,1999-10-27,"Personal, likely engineers stay too domestic skills. Roman, parl",0.18,0.15,4003001,"exportiedu pack #1",3,kids,4,Shoes,303,pribarpri,extra large,198621330604slate768,salmon,Dram,Unknown,62,ableoughtought
113,AAAAAAAAAHAAAAAA,1999-10-28,2001-10-26,"Alone other sales could interpret slightly relations. Fast social police give just british centuries. There sacred channels go so industrial, original systems; women might approach black members. C",3.81,3.31,4003001,"importomaxi #4",3,guns,8,Sports,719,pribarpri,N/A,9746646127tan8534637,pink,Gram,Unknown,12,prioughtought
114,AAAAAAAAAHAAAAAA,2001-10-27,,Open occasions ought to tell broad parents. Across ltd. parents make a lot,4.30,2.66,7016005,"corpnameless #5",16,furniture,7,Home,202,pribarpri,N/A,9746646127tan8534637,midnight,Lb,Unknown,1,eseoughtought
115,AAAAAAAADHAAAAAA,1997-10-27,,"Policies used to decrease social forms; well massive parts admire lacking, necessary cities. More rational areas deceive therefore only facilities. Yet persist",2.68,2.27,7016006,"corpnameless #6",16,furniture,7,Home,67,ationcally,N/A,0280323979honeydew89,rosy,Pound,Unknown,85,antioughtought
116,AAAAAAAAEHAAAAAA,1997-10-27,2000-10-26,Everywhere large things could increase. Together independent cases cannot draw to a centuries. Different a,9.39,3.19,6007005,"brandcorp #5",7,pendants,6,Jewelry,231,oughtpriable,N/A,34343249rosy77293558,purple,Pallet,Unknown,34,callyoughtought
117,AAAAAAAAEHAAAAAA,2000-10-27,,Everywhere large things could increase. Together independent cases cannot draw to a centuries. Different a,4.43,2.30,6007005,"importoscholar #2",7,country,5,Music,231,oughtpriable,N/A,34343249rosy77293558,pale,Gross,Unknown,62,ationoughtought
118,AAAAAAAAGHAAAAAA,1997-10-27,1999-10-27,"Planned examples shake essential characters. Languages sample large crops. Small, white discussions make nearly anxious, foreign eyes. Tiny, present d",3.83,2.79,3001001,"amalgexporti #1",1,newborn,3,Children,451,oughtantiese,small,32634300879757slate9,pale,Oz,Unknown,62,eingoughtought
119,AAAAAAAAGHAAAAAA,1999-10-28,2001-10-26,"Planned examples shake essential characters. Languages sample large crops. Small, white discussions make nearly anxious, foreign eyes. Tiny, present d",4.67,2.79,3001001,"edu packimporto #2",1,sports-apparel,2,Men,186,oughtantiese,petite,32634300879757slate9,red,Bundle,Unknown,21,n stoughtought
120,AAAAAAAAGHAAAAAA,2001-10-27,,"Routine, soft services should tend too",4.56,2.32,3001001,"importoedu pack #1",2,mens,4,Shoes,186,oughtantiese,petite,13midnight5284588568,slate,Gram,Unknown,30,barableought
121,AAAAAAAAJHAAAAAA,1997-10-27,,"However increasing dates meet. Large, ready goals mean now blind structures. Crea",38.79,11.63,9013002,"exportiunivamalg #2",13,self-help,9,Books,296,callyn stable,N/A,09698070indian910291,spring,Oz,Unknown,24,oughtableought
122,AAAAAAAAKHAAAAAA,1997-10-27,2000-10-26,Well lovely hands know even ,2.62,2.33,9006003,"corpmaxi #3",6,parenting,9,Books,321,oughtablepri,N/A,55navajo942208919611,sienna,Ounce,Unknown,13,ableableought
123,AAAAAAAAKHAAAAAA,2000-10-27,,About slow systems may not cross between a parties. Also full wishes handle currently italian groups; happy sources can support regardless us,0.64,2.33,10012005,"importoamalgamalg #5",12,monitors,10,Electronics,60,oughtablepri,N/A,5283orange6349836504,sandy,Ton,Unknown,26,priableought
124,AAAAAAAAMHAAAAAA,1997-10-27,1999-10-27,"Things will register connections. Forwards working poles make private bonds. Heavy studies operate now activities; different, particular rises increase in a fans. Somewhere main girls concern also th",9.03,4.69,2004001,"edu packimporto #1",4,sports-apparel,2,Men,319,n stoughtpri,economy,8wheat24917690326929,rose,Ounce,Unknown,54,eseableought
125,AAAAAAAAMHAAAAAA,1999-10-28,2001-10-26,"Things will register connections. Forwards working poles make private bonds. Heavy studies operate now activities; different, particular rises increase in a fans. Somewhere main girls concern also th",2.98,2.20,2004001,"univbrand #6",10,jewelry boxes,6,Jewelry,168,eingcallyought,N/A,21967164397royal5131,peru,Tsp,Unknown,54,antiableought
126,AAAAAAAAMHAAAAAA,2001-10-27,,Democratic houses can,2.60,2.20,1003001,"exportiamalg #1",10,maternity,1,Women,168,eingcallyought,small,21967164397royal5131,yellow,Bundle,Unknown,51,callyableought
127,AAAAAAAAPHAAAAAA,1997-10-27,,"High, black homes shall not greet also magnificent facts; inc, environmental areas say well howev",3.66,1.13,7003008,"exportibrand #8",3,kids,7,Home,417,ationoughtese,N/A,00yellow190282692634,navy,Ton,Unknown,11,ationableought
128,AAAAAAAAAIAAAAAA,1997-10-27,2000-10-26,"Great, tiny animals adopt then outcomes. Terms sweep less dry, physical signs. National, black terms adapt for a reasons; groups shall ",4.06,3.20,7004009,"edu packbrand #9",4,curtains/drapes,7,Home,234,esepriable,N/A,7487693899rose828480,pale,Gram,Unknown,23,eingableought
129,AAAAAAAAAIAAAAAA,2000-10-27,,"Great, tiny animals adopt then outcomes. Terms sweep less dry, physical signs. National, black terms adapt for a reasons; groups shall ",8.98,4.49,10004011,"edu packunivamalg #11",4,audio,10,Electronics,165,esepriable,N/A,9red8523495605051343,ivory,Gram,Unknown,23,n stableought
130,AAAAAAAACIAAAAAA,1997-10-27,1999-10-27,"Final orders give else. International, living personnel may miss significant companies. Black, american numbers put then ",1.70,1.00,8015001,"scholarmaxi #1",15,fishing,8,Sports,349,n stesepri,N/A,82559844slate1538271,rosy,Gross,Unknown,65,barpriought
131,AAAAAAAACIAAAAAA,1999-10-28,2001-10-26,"Final orders give else. International, living personnel may miss significant companies. Black, american numbers put then ",96.31,30.81,8015001,"importoscholar #2",2,country,5,Music,349,n stesepri,N/A,82559844slate1538271,saddle,Ounce,Unknown,84,oughtpriought
132,AAAAAAAACIAAAAAA,2001-10-27,,Cells suit in a users.,1.40,30.81,8015001,"importoamalg #1",2,fragrances,1,Women,525,n stesepri,large,82559844slate1538271,moccasin,Bundle,Unknown,1,ablepriought
133,AAAAAAAAFIAAAAAA,1997-10-27,,"Papers could not invade just from a wishes. Plants increase remarkably great, important exercises. Tracks should give only",3.12,1.21,2001002,"amalgimporto #2",1,accessories,2,Men,338,eingpripri,medium,1176thistle961206620,red,Dram,Unknown,50,pripriought
134,AAAAAAAAGIAAAAAA,1997-10-27,2000-10-26,"Bloody programmes live probably novels. Minute, remarkable minutes seem for example probably old",3.56,2.52,4003001,"exportiedu pack #1",3,kids,4,Shoes,329,n stablepri,large,02954355697715tan981,papaya,Cup,Unknown,58,esepriought
135,AAAAAAAAGIAAAAAA,2000-10-27,,"Heavy quantities treat youngsters. Friends will not survive children; best eager ways defer drugs. Similar planes should make sites. Other, psychological electi",0.52,0.28,4003001,"maxiunivamalg #17",3,televisions,10,Electronics,621,n stablepri,N/A,02954355697715tan981,smoke,Pallet,Unknown,27,antipriought
136,AAAAAAAAIIAAAAAA,1997-10-27,1999-10-27,Courses love perhaps for a countries; practically possible interests see never aware groups. Criteria should lead close shares. Only major thin,3.16,1.04,4002001,"importoedu pack #1",2,mens,4,Shoes,428,eingableese,extra large,9953491steel31225871,snow,N/A,Unknown,4,callypriought
137,AAAAAAAAIIAAAAAA,1999-10-28,2001-10-26,Highly local authorities put on a prisoners. As special parents should set resources. Rates shall come today with a years. Ye,1.68,1.04,4002001,"exportiunivamalg #6",13,self-help,9,Books,428,eingableese,N/A,9953491steel31225871,orchid,Gram,Unknown,29,ationpriought
138,AAAAAAAAIIAAAAAA,2001-10-27,,"Women shall speak in the pieces. Top, good members must like accu",3.07,2.60,4002001,"edu packmaxi #7",4,entertainments,9,Books,37,eingableese,N/A,85saddle727764376775,green,Each,Unknown,3,eingpriought
139,AAAAAAAALIAAAAAA,1997-10-27,,"Lines shall describe explicitly northern, firm systems. Later",2.99,1.49,9015008,"scholarunivamalg #8",15,fiction,9,Books,384,eseeingpri,N/A,61237saddle086722366,medium,Tsp,Unknown,20,n stpriought
140,AAAAAAAAMIAAAAAA,1997-10-27,2000-10-26,Well famous pubs use so accounts. Losses should not generate certain stars. Positive blues pro,9.00,2.88,5002001,"importoscholar #1",2,country,5,Music,286,callyeingable,N/A,08156770219019tan928,green,Gross,Unknown,56,bareseought
141,AAAAAAAAMIAAAAAA,2000-10-27,,Well famous pubs use so accounts. Losses should not generate certain stars. Positive blues pro,7.78,4.20,9015010,"scholarunivamalg #10",2,fiction,9,Books,286,callyeingable,N/A,08156770219019tan928,hot,Gross,Unknown,5,oughteseought
142,AAAAAAAAOIAAAAAA,1997-10-27,1999-10-27,"Ways defeat able, british purposes. Police restore then electronic areas. Reasons would not offer comple",3.77,2.82,3001001,"amalgexporti #1",1,newborn,3,Children,793,prin station,small,3110406438sienna7701,yellow,Unknown,Unknown,2,ableeseought
143,AAAAAAAAOIAAAAAA,1999-10-28,2001-10-26,"Techniques will not look; good, opposite languages know now. Complex, poor persons might understand quite on a clothes. Hence twin prisoners see already also working-class",4.74,2.82,3001001,"exportiunivamalg #8",3,dvd/vcr players,10,Electronics,51,oughtanti,N/A,405461antique7429491,mint,Gross,Unknown,78,prieseought
144,AAAAAAAAOIAAAAAA,2001-10-27,,"Ordinary, political premises must reveal in the glasses. Scottish walls make as conse",1.52,0.80,7007005,"brandbrand #5",3,decor,7,Home,51,oughtanti,N/A,556lime1881583603660,tan,N/A,Unknown,52,eseeseought
145,AAAAAAAABJAAAAAA,1997-10-27,,Prospects know,59.77,24.50,9013002,"exportiunivamalg #2",13,self-help,9,Books,548,eingeseanti,N/A,97495026tan054801110,saddle,Each,Unknown,43,antieseought
146,AAAAAAAACJAAAAAA,1997-10-27,2000-10-26,Normal things beat also general agents. Other patients must not restore mu,9.67,8.02,5001001,"amalgscholar #1",1,rock,5,Music,644,eseesecally,N/A,1846041641salmon6294,royal,Unknown,Unknown,23,callyeseought
147,AAAAAAAACJAAAAAA,2000-10-27,,"Alternatively basic ears should not burst suddenly thus generous machines. Groups carry yet genuine authorities. Bitterly outer groups expect downwards. Only, parti",2.48,1.56,2002002,"importoimporto #2",2,shirts,2,Men,9,eseesecally,extra large,1846041641salmon6294,salmon,Gross,Unknown,34,ationeseought
148,AAAAAAAAEJAAAAAA,1997-10-27,1999-10-27,Soon constitutional provisions might send hot components. Ancient children might ,2.23,0.93,4004001,"edu packedu pack #1",4,athletic,4,Shoes,627,ationablecally,petite,chocolate15534271919,purple,Box,Unknown,31,eingeseought
149,AAAAAAAAEJAAAAAA,1999-10-28,2001-10-26,Soon constitutional provisions might send hot components. Ancient children might ,8.49,5.17,1004002,"edu packamalg #2",4,swimwear,1,Women,627,ationablecally,petite,078764navajo52301833,honeydew,Oz,Unknown,84,n steseought
150,AAAAAAAAEJAAAAAA,2001-10-27,,Soon constitutional provisions might send hot components. Ancient children might ,5.48,4.38,1004002,"importoedu pack #1",4,mens,4,Shoes,627,ationablecally,small,601395676orange80112,salmon,Bundle,Unknown,1,barantiought
151,AAAAAAAAHJAAAAAA,1997-10-27,,"Roman, determined details cannot teach only then high supplies. External, central books think never. No doubt large years become both enthusiastic examples. Benefits could",0.96,0.28,3004002,"edu packexporti #2",4,school-uniforms,3,Children,327,ationablepri,small,purple89249207875245,royal,Tsp,Unknown,3,oughtantiought
152,AAAAAAAAIJAAAAAA,1997-10-27,2000-10-26,"Circumstances would not turn pieces. Possible supporters ought to date nearly terrible awards. Other, american affa",4.52,2.84,1002001,"importoamalg #1",2,fragrances,1,Women,93,prin st,petite,465maroon24590092707,peru,Cup,Unknown,11,ableantiought
153,AAAAAAAAIJAAAAAA,2000-10-27,,"Circumstances would not turn pieces. Possible supporters ought to date nearly terrible awards. Other, american affa",60.71,2.84,1002001,"edu packscholar #2",4,classical,5,Music,93,prin st,N/A,465maroon24590092707,papaya,Oz,Unknown,62,priantiought
154,AAAAAAAAKJAAAAAA,1997-10-27,1999-10-27,Cases bet,8.25,7.09,4001001,"amalgedu pack #1",1,womens,4,Shoes,103,pribarought,N/A,36866719085922smoke5,powder,Ton,Unknown,15,eseantiought
155,AAAAAAAAKJAAAAAA,1999-10-28,2001-10-26,"Other, separate services argue roman services; ago old communities shall not gain professional, high users. Also extensive players shall govern extra in a vegetables; private, fixed pressu",1.47,7.09,4001001,"importobrand #6",1,bedding,7,Home,12,ableought,N/A,steel985504799417658,olive,Tbl,Unknown,22,antiantiought
156,AAAAAAAAKJAAAAAA,2001-10-27,,"Extensive factors can mind full laws; local days link super, o",2.31,1.01,2003001,"exportiimporto #1",1,pants,2,Men,12,ableought,petite,steel985504799417658,slate,Pallet,Unknown,8,callyantiought
157,AAAAAAAANJAAAAAA,1997-10-27,,"Recent performances get yet other publications; current patients could not carry comparatively intense, vital times. Wide problems smooth truly. Tomorrow used years catch a",2.21,0.86,9007002,"brandmaxi #2",7,reference,9,Books,301,oughtbarpri,N/A,40118burlywood293333,sienna,Ounce,Unknown,23,ationantiought
158,AAAAAAAAOJAAAAAA,1997-10-27,2000-10-26,"Great, absent relations should participate alone wonderful issues; chains will care on behalf of a police. Substantial activities exert grey, free",9.17,4.40,7008009,"namelessbrand #9",8,lighting,7,Home,656,callyantically,N/A,331purple34896164193,royal,Bundle,Unknown,1,eingantiought
159,AAAAAAAAOJAAAAAA,2000-10-27,,"Great, absent relations should participate alone wonderful issues; chains will care on behalf of a police. Substantial activities exert grey, free",9.45,5.57,2001002,"amalgimporto #2",1,accessories,2,Men,2,callyantically,medium,331purple34896164193,green,Bunch,Unknown,93,n stantiought
160,AAAAAAAAAKAAAAAA,1997-10-27,1999-10-27,"Legs cannot make much across a children. Well industrial ports see so. Equal, full systems rise police. Labour departments will leave. Political, social ",1.17,0.88,8013001,"exportimaxi #1",13,sailing,8,Sports,207,ationbarable,N/A,8red5138353308860656,goldenrod,Gross,Unknown,50,barcallyought
161,AAAAAAAAAKAAAAAA,1999-10-28,2001-10-26,"Legs cannot make much across a children. Well industrial ports see so. Equal, full systems rise police. Labour departments will leave. Political, social ",3.74,1.68,1003002,"exportiamalg #2",3,maternity,1,Women,207,ationbarable,large,8red5138353308860656,purple,Dram,Unknown,33,oughtcallyought
162,AAAAAAAAAKAAAAAA,2001-10-27,,"Sensitive, general countries may not follow further into a studies. So other reports p",1.79,1.25,4002001,"importoedu pack #1",2,mens,4,Shoes,207,ationbarable,economy,0424black56650663126,sienna,Pallet,Unknown,32,ablecallyought
163,AAAAAAAADKAAAAAA,1997-10-27,,Windows report easily; diplomatic years use,75.25,63.96,2004002,"edu packimporto #2",4,sports-apparel,2,Men,168,eingcallyought,medium,692111176721violet31,purple,Ton,Unknown,44,pricallyought
164,AAAAAAAAEKAAAAAA,1997-10-27,2000-10-26,"Tremendous tasks force small, interior markets; female, upper doctors look",5.21,3.07,10016012,"corpamalgamalg #12",16,wireless,10,Electronics,590,barn stanti,N/A,4thistle516311039608,turquoise,Cup,Unknown,52,esecallyought
165,AAAAAAAAEKAAAAAA,2000-10-27,,"Tremendous tasks force small, interior markets; female, upper doctors look",1.43,3.07,10016012,"exportimaxi #6",13,sailing,8,Sports,46,callyese,N/A,0776midnight64212251,turquoise,N/A,Unknown,53,anticallyought
166,AAAAAAAAGKAAAAAA,1997-10-27,1999-10-27,"Different, simple letters will damage ",4.36,3.92,1002001,"importoamalg #1",2,fragrances,1,Women,310,baroughtpri,medium,0949380507sienna6147,salmon,Gross,Unknown,30,callycallyought
167,AAAAAAAAGKAAAAAA,1999-10-28,2001-10-26,"Eggs count. Opening types enforce areas. Lines put rather years. Active, nasty eyes walk there enough young metres. Possibilities must admit. Arms a",8.19,3.92,1002001,"exporticorp #8",2,gold,6,Jewelry,310,baroughtpri,N/A,32goldenrod233930661,thistle,Gross,Unknown,6,ationcallyought
168,AAAAAAAAGKAAAAAA,2001-10-27,,"Eggs count. Opening types enforce areas. Lines put rather years. Active, nasty eyes walk there enough young metres. Possibilities must admit. Arms a",6.73,3.92,1001001,"amalgamalg #1",2,dresses,1,Women,310,baroughtpri,small,22330876white6779158,yellow,Dozen,Unknown,22,eingcallyought
169,AAAAAAAAJKAAAAAA,1997-10-27,,"Functional, ",3.54,2.33,6011002,"amalgbrand #2",11,semi-precious,6,Jewelry,238,eingpriable,N/A,310light774128934414,slate,Each,Unknown,30,n stcallyought
170,AAAAAAAAKKAAAAAA,1997-10-27,2000-10-26,"Important, glad rights change however. Only regular arms ought to operate in a minutes. Units fail quite like a centuries. Simply safe branches accompany major tenants; ",1.65,1.46,8004001,"edu packnameless #1",4,camping,8,Sports,120,barableought,N/A,0843774809powder1702,sky,Bundle,Unknown,9,barationought
171,AAAAAAAAKKAAAAAA,2000-10-27,,Available parameters go just weekly cells; yet strong contracts break often common cases. Specialists see groups. At least nice benefits might not ,28.29,1.46,8004001,"edu packscholar #2",4,classical,5,Music,65,barableought,N/A,0843774809powder1702,red,Ton,Unknown,14,oughtationought
172,AAAAAAAAMKAAAAAA,1997-10-27,1999-10-27,"Automatic, black developments get thus new profits. Chemicals describe widely similar temperatures. Easy features used to emphasize different ",0.83,0.41,8007003,"brandnameless #3",7,hockey,8,Sports,500,barbaranti,N/A,37462828207snow54269,spring,Cup,Unknown,13,ableationought
173,AAAAAAAAMKAAAAAA,1999-10-28,2001-10-26,"Automatic, black developments get thus new profits. Chemicals describe widely similar temperatures. Easy features used to emphasize different ",1.75,0.41,8007003,"amalgimporto #2",1,accessories,2,Men,500,barbaranti,medium,37462828207snow54269,yellow,Carton,Unknown,5,priationought
174,AAAAAAAAMKAAAAAA,2001-10-27,,Relatively southern strings b,0.65,0.41,10011005,"amalgamalgamalg #5",1,disk drives,10,Electronics,187,barbaranti,N/A,7515523148saddle4100,royal,Tbl,Unknown,49,eseationought
175,AAAAAAAAPKAAAAAA,1997-10-27,,"Wearily current subjects will see; entirely invisible councillors know beautiful, dead years. Automatic regulations may embrace surely. Alone reliable wives might keep officially achievements. Ec",1.26,1.10,5003002,"exportischolar #2",3,pop,5,Music,162,ablecallyought,N/A,21564186709rosy92718,sienna,Carton,Unknown,96,antiationought
176,AAAAAAAAALAAAAAA,1997-10-27,2000-10-26,"Days might not attend in a aspects. American members ought to continue near seats. Islamic, dramatic spirits will not take yet for a horses. Alone, other parties coul",2.65,0.82,1004001,"edu packamalg #1",4,swimwear,1,Women,555,antiantianti,small,blanched299858609106,turquoise,Box,Unknown,21,callyationought
177,AAAAAAAAALAAAAAA,2000-10-27,,"Effects acquire into a concepts. High left laws know sound, military sciences. Vividly proud rights go previous procedures. Men could receive heavy, english clients. Journalists ought",5.14,0.82,1004001,"exportischolar #2",3,pop,5,Music,210,baroughtable,N/A,powder08406639813698,sandy,Pallet,Unknown,90,ationationought
178,AAAAAAAACLAAAAAA,1997-10-27,1999-10-27,"Eyes appreciate political yards. Constant, awful eyes could c",2.40,1.34,6011003,"amalgbrand #3",11,semi-precious,6,Jewelry,889,n steingeing,N/A,4481959153turquoise8,yellow,Pallet,Unknown,22,eingationought
179,AAAAAAAACLAAAAAA,1999-10-28,2001-10-26,"Eyes appreciate political yards. Constant, awful eyes could c",64.48,1.34,6011003,"edu packscholar #2",4,classical,5,Music,451,oughtantiese,N/A,891243146gainsboro40,sienna,Ounce,Unknown,3,n stationought
180,AAAAAAAACLAAAAAA,2001-10-27,,"Eyes appreciate political yards. Constant, awful eyes could c",1.71,1.34,6011003,"edu packunivamalg #1",4,sports,9,Books,451,oughtantiese,N/A,891243146gainsboro40,rose,Dozen,Unknown,12,bareingought
